Date,ATM_IV_30D,PUT_IV_30D,CALL_IV_30D,SKEW_30D,ATM_IV_14D,PUT_IV_14D,CALL_IV_14D,SKEW_14D
2021-01-01,0.18699100238959565,0.20539661096710338,0.17417184097005634,0.031224769997047038,0.17029408222177847,0.19797761962718832,0.16698884312146398,0.03098877650572434
2021-01-04,0.18873177100435753,0.20887493633429588,0.17641080743209933,0.03246412890219654,0.17123610275265774,0.20945738368801134,0.16507949557068638,0.044377888117324966
2021-01-07,0.21464865909603667,0.2368253015180925,0.20209038488408096,0.034734916634011535,0.17780621313584266,0.2119319295937263,0.1713685820771884,0.040563347516537895
2021-01-11,0.2325417696158938,0.25409557269652855,0.18121993120249374,0.07287564149403482,0.18793090465131737,0.22900747588497644,0.17854892766850078,0.05045854821647566
2021-01-12,0.2361663586629157,0.26104831552802965,0.20894978669675401,0.05209852883127564,0.1909246364364875,0.2443558504853222,0.17427019228336185,0.07008565820196035
2021-01-13,0.23772866859900743,0.2585968201844513,0.22504206395828033,0.033554756226170955,0.19120003825443901,0.24223220105891766,0.1813396452880716,0.060892555770846055
2021-01-14,0.23249192591527496,0.25491671721071707,0.2213303285571575,0.033586388653559576,0.1812454278565471,0.23335895586020428,0.1696230182801166,0.06373593758008766
2021-01-15,0.25239407072867076,0.26665932645236806,0.23660593371910202,0.03005339273326603,0.20672147742524244,0.2468191802952188,0.19975633814510513,0.047062842150113644
2021-01-19,0.2325434913541745,0.24529569555324693,0.2188092948659735,0.026486400687273426,0.21769146428225936,0.25518855643048644,0.20988194409974717,0.04530661233073926
2021-01-20,0.21352493281327026,0.23065559737544866,0.19902876703368566,0.031626830341762995,0.20196919965414722,0.23319087087592066,0.19147382517270095,0.04171704570321972
2021-01-21,0.22161745393885668,0.23981369739562283,0.20687779813881405,0.032935899256808815,0.22362485925185271,0.2564561873356612,0.20730900960886478,0.04914717772679644
2021-01-22,0.22349762172963744,0.23449454969845057,0.2110550948102551,0.02343945488819548,0.23663133260208818,0.2537577804326808,0.22724760509170716,0.026510175340973646
2021-01-25,0.22773244570753912,0.24568838656327482,0.21342082168211077,0.03226756488116405,0.24819134435273277,0.2657946359557597,0.24353256264222825,0.02226207331353144
2021-01-27,0.2403431568189225,0.25045280308885176,0.23054850712074582,0.019904295968105945,0.2591235437301568,0.27167885818338317,0.25695635412346707,0.014722504059916122
2021-01-28,0.240128283018042,0.24370238417423043,0.2326528976928793,0.011049486481351123,0.25652184160618785,0.2775073012961897,0.25581877685283594,0.021688524443353785
2021-01-29,0.2466764295027462,0.26217179308940136,0.23218106421368617,0.029990728875715165,0.2647233290147562,0.2836846023943666,0.2662940544481387,0.017390547946227932
2021-02-02,0.21514891901973027,0.24226010109338875,0.2013118413287886,0.04094825976460015,0.2185588853431672,0.2630008582968476,0.21580092860784525,0.04719992968900234
2021-02-04,0.2110794031862528,0.24200843596505345,0.18907471082709254,0.052933725137960894,0.2011085539605895,0.2399896840406628,0.18204402197874625,0.057945662061916536
2021-02-05,0.20301323233028395,0.2457531862734144,0.19191630699985598,0.0538368792735584,0.20695225964060582,0.24109922671679815,0.19881364301418789,0.04228558370261025
2021-02-17,0.20177927810622345,0.22149806085480436,0.18413947631701152,0.03735858453779284,0.18750031058707303,0.22550546470684601,0.18370240496876836,0.04180305973807766
2021-02-23,0.22755536414976535,0.24959053597548397,0.21290529366726796,0.036685242308216015,0.21852125522983515,0.24871631547912587,0.2193778956134246,0.029338419865701255
2021-02-24,0.21949604932459327,0.2424446815922352,0.2050426362980671,0.0374020452941681,0.20660036536040655,0.2456615103394153,0.21022828139617022,0.035433228943245076
2021-02-25,0.21189771358817966,0.23640565504838196,0.19363541054338393,0.04277024450499805,0.20196944233092554,0.23626465310690564,0.20640583389504663,0.02985881921185901
2021-03-03,0.23233922289943898,0.24100099882566983,0.1914399046326094,0.04956109419306041,0.20252295177456991,0.24024844734580486,0.19905834826388802,0.04119009908191684
2021-03-04,0.24365042159192613,0.266120272631629,0.21930088877151183,0.046819383860117185,0.23715656086731546,0.2780263181353275,0.215573639122284,0.06245267901304352
2021-03-17,0.2090566761048378,0.21126176013465645,0.19830419411556113,0.01295756601909532,0.22596308048523406,0.2468976483216725,0.21638606415549486,0.03051158416617764
2021-03-18,0.2037746275085723,0.2176050804091312,0.19843268745675763,0.01917239295237359,0.2221909423818227,0.24597241449295826,0.21877838602164967,0.027194028471308584
2021-03-24,0.21519239832644885,0.23170255283244026,0.20263930212779732,0.029063250704642916,0.23033812363631703,0.25182795165096117,0.22347490267276093,0.028353048978200235
2021-04-13,0.20348762057869255,0.23070919995357753,0.1901496072374008,0.04055959271617674,0.19954309676291368,0.24040488321774728,0.19195725539540703,0.048447627822340245
2021-04-20,0.22359180625783914,0.25581864265087023,0.20209533281538722,0.053723309835483,0.23160921256222766,0.2753134402967081,0.22261486455659313,0.05269857574011499
2021-05-11,0.18997730818801867,0.2130809032331268,0.16849318988774753,0.044587713345379296,0.1837382119411099,0.2148868716712727,0.1760701737353713,0.038816697935901444
2021-05-26,0.16788642820386843,0.1876895830156397,0.15870809780653125,0.02898148520910846,0.15974611897688376,0.19641181268721322,0.15798542608390698,0.03842638660330623
2021-05-27,0.16483857833226237,0.18329602783201768,0.1590909408160186,0.02420508701599908,0.15325444731185334,0.1871046893647641,0.1572174474050705,0.02988724195969361
2021-05-28,0.15153641271682544,0.17241575966836092,0.1509808726371716,0.02143488703118931,0.14085475452789487,0.17581572471172396,0.14135868095716933,0.03445704375455464
2021-06-16,0.14080667326622437,0.16483766813058476,0.12764929354121865,0.03718837458936609,0.14354620879903707,0.18619080565124385,0.13636192952092913,0.049828876130314725
2021-06-18,0.13939231526617502,0.16313770542808842,0.13566462331797743,0.027473082110110982,0.13475148262447822,0.16977411144193802,0.14902797589745248,0.020746135544485535
2021-06-23,0.14605452471788413,0.16691132884502682,0.13699861555721154,0.029912713287815293,0.14935818760139036,0.1866202371167824,0.15526185851343804,0.03135837860334435
2021-06-24,0.13959443125052828,0.16496543945376632,0.12998339697830152,0.034982042475464804,0.14030264693803962,0.18010319702272426,0.13460067932381214,0.045502517698912115
2021-06-29,0.12106704303279214,0.13992541760003707,0.12529977821050853,0.014625639389528544,0.12025903033742148,0.15922610019543018,0.13510326091957633,0.02412283927585384
2021-07-02,0.11173649773550612,0.13156829776569837,0.1204000399507894,0.011168257814908948,0.09798856815931056,0.14301017655675327,0.1184619278068771,0.024548248749876173
2021-07-06,0.11366081304528876,0.13851622511531958,0.12056261584292594,0.017953609272393645,0.10524173720839254,0.16359593819300042,0.12096578727287012,0.04263015092013031
2021-07-14,0.11795926244020888,0.1509452311938752,0.0967954188083261,0.054149812385549126,0.1137933657906908,0.1550996015314696,0.1336438866154757,0.0214557149159939
2021-07-27,0.12455228528453954,0.14792305907505288,0.12344760667463461,0.024475452400418263,0.12023559166956665,0.16903506354281436,0.13499548983806772,0.034039573704746626
2021-07-28,0.12897700200296427,0.1490635766873123,0.1348435445368837,0.014220032150428568,0.12492297323518305,0.16900038135681886,0.1383015680848071,0.030698813272011755
2021-08-24,0.11292700017677856,0.15233203176029164,0.11744812232315471,0.03488390943713693,0.11193609810687095,0.16136609498360524,0.12551063494333953,0.03585546004026569
2021-09-01,0.1129393847037608,0.1429251398065472,0.12406227835256559,0.018862861453981607,0.11902129738466447,0.1679851049242918,0.1416461141865355,0.026338990737756314
2021-09-06,0.1266439362537523,0.16126534563060854,0.1148136593281056,0.046451686302502945,0.12926269969633247,0.17386787496134382,0.1453356983860914,0.02853217657525242
2021-09-14,0.11286251452030911,0.15316460913683283,0.11849892951449181,0.03466567962234102,0.10722811935328219,0.15560747054197474,0.1413851913194346,0.014222279222540126
2021-09-24,0.15300282088397368,0.1884533141984799,0.16236601832929182,0.026087295869188107,0.14627171869502795,0.18228532276715242,0.15603246070611856,0.026252862061033864
2021-09-29,0.17048644886715963,0.1942393347261012,0.16637188525104235,0.02786744947505883,0.16726692590807918,0.20665232944389217,0.1795075841148022,0.027144745329089965
2021-10-11,0.13524352477834595,0.1763114739478725,0.17220822989718632,0.004103244050686183,0.13742195547689232,0.18184863806604643,0.1465345456743497,0.03531409239169671
2021-10-12,0.14158769980332547,0.1489270729395482,0.1429289708679784,0.005998102071569811,0.1356749602646334,0.17335236404635573,0.16122192150698972,0.012130442539366015
2021-10-13,0.14180326670616517,0.18211005662196497,0.13570540274901102,0.046404653872953956,0.1424187988718611,0.18234790362202244,0.1525841741889593,0.029763729433063144
2021-10-20,0.16973384265201863,0.19539639666463593,0.1768793761789584,0.018517020485677525,0.17322060859772553,0.21628385878513434,0.17830629407670529,0.03797756470842906
2021-10-25,0.16584686820095168,0.18437055592891458,0.1657671390737924,0.018603416855122186,0.1674722865117448,0.20029647955524854,0.18284592750637463,0.017450552048873913
2021-10-26,0.1590116620266146,0.17537962958605524,0.15599186524486042,0.019387764341194824,0.1578380809242727,0.19436697483059895,0.17487766058183896,0.019489314248759992
2021-10-27,0.15692719966294,0.17222383009073766,0.15907855638762933,0.013145273703108336,0.1603802657240939,0.19036682583923503,0.1687344163833544,0.02163240945588063
2021-10-29,0.16055876095830487,0.17804542968163148,0.16539730207692496,0.01264812760470654,0.16070603661713653,0.19316447650356736,0.16807148343944536,0.025092993064122
2021-11-02,0.1537792698191477,0.1828810234727145,0.15585370153823153,0.027027321934482984,0.14752873378476733,0.17686819098793233,0.1645288988961186,0.012339292091813725
2021-11-03,0.14199768086884945,0.17516904172082265,0.15148007138378805,0.02368897033703459,0.1377975525245451,0.1748546031093467,0.1531447227919112,0.021709880317435495
2021-11-24,0.14624693217477736,0.19664362614700778,0.13232347911642453,0.06432014703058327,0.14292033147852237,0.18969986625860308,0.14985774229708937,0.039842123961513716
2021-12-01,0.16272300613024587,0.19297862716760733,0.14978078259241034,0.04319784457519698,0.1727747630187723,0.22275457444996072,0.1632366744795889,0.05951789997037186
2021-12-02,0.14829360272775077,0.17907941876886949,0.140839096302678,0.03824032246619148,0.15464244015724035,0.2007470445084394,0.14917827128514283,0.05156877322329656
2021-12-06,0.1759058358949882,0.21711951356700723,0.166503583753995,0.050615929813012245,0.1918822966015901,0.22992801340847357,0.18410756433364334,0.045820449074830245
2021-12-10,0.14820385398920866,0.18145909266303026,0.13204255641046916,0.049416536252561115,0.14049108648289152,0.18211906015619483,0.14272319188966062,0.0393958682665342
2021-12-13,0.14996315979514072,0.16483740787919438,0.15423246594963988,0.01060494192955451,0.16186969569338386,0.20204216174284134,0.15997542848988822,0.04206673325295312
2021-12-29,0.1563487669253028,0.17566960049259644,0.145073413584271,0.030596186908325433,0.1592565211913813,0.19421266310005414,0.15763132181933315,0.03658134128072099
2021-12-30,0.16996103542088783,0.18554555362274222,0.15462987731447356,0.030915676308268684,0.15579434677057505,0.19141589421014693,0.1516574306271714,0.03975846358297552
2021-12-31,0.16753606010216623,0.18668425992333187,0.1531095195634014,0.033574740359930466,0.1464664164584591,0.18200387313897132,0.1460701898094873,0.03593368332948404
2022-01-03,0.18207006164077122,0.20104251295547154,0.1648902487537875,0.03615226420168405,0.15221097347093615,0.1912868705190903,0.15405923668705462,0.03722763383203567
2022-01-06,0.18649277398548653,0.21245987375146566,0.17817237621470627,0.0342874975367594,0.1667823236942109,0.204705064034707,0.15799458548163692,0.04671047855307009
2022-01-07,0.19049543961969298,0.2128681919086961,0.169927757144044,0.042940434764652084,0.1537054863919328,0.19204339185898395,0.1543643084928203,0.03767908336616367
2022-01-10,0.1788028925895005,0.2146207565510055,0.1663880131370697,0.0482327434139358,0.15463080213434943,0.19626061586963292,0.15293898425802002,0.04332163161161289
2022-01-12,0.17034337039380232,0.19860404052107408,0.16064920701047009,0.03795483351060399,0.1450409932547775,0.183551423827506,0.1479003487441177,0.03565107508338831
2022-01-19,0.18042483636909237,0.1934425004286315,0.17495535373757296,0.018487146691058554,0.18653970496506206,0.21123260055613027,0.18737665335903866,0.02385594719709161
2022-01-20,0.18021906672063975,0.1867723383214145,0.1772219874674285,0.009550350853985985,0.1968003557965901,0.21734543248254123,0.19277371466776927,0.024571717814771965
2022-01-25,0.20896080857037586,0.220395020430745,0.20897504037297354,0.01141998005777145,0.2483273655546097,0.2692873907203189,0.24023255929762666,0.029054831422692193
2022-02-02,0.17190629368850932,0.18711008094819676,0.16318449110406288,0.02392558984413386,0.16825598925464677,0.19974601610862638,0.17019612758089842,0.029549888527727983
2022-02-16,0.17572078686159734,0.22742453933800016,0.18518637812345803,0.04223816121454212,0.1987488085246751,0.23808124373680453,0.19287359690274541,0.04520764683405914
2022-02-21,0.2201625125744212,0.2547720138928526,0.19449446328517658,0.060277550607676006,0.23708512069357787,0.2760793911879192,0.21207908946077403,0.06400030172714517
2022-02-23,0.2229352979189243,0.25282115139771294,0.20006052137938393,0.052760630018329015,0.2471179891654864,0.2817492472002862,0.21817422306958584,0.06357502413070039
2022-03-02,0.2710762120850987,0.29805326502494234,0.2528324057674612,0.04522085925748114,0.3065636152905435,0.3727996776373138,0.2900944381780287,0.0827052394592851
2022-03-03,0.26505982352145546,0.30298172118301026,0.2398306297787706,0.06315109140423969,0.28643077506933845,0.3281319620574594,0.25332467351073884,0.07480728854672059
2022-03-04,0.26550188990239293,0.2904652078671761,0.2477454693211158,0.04271973854606032,0.28260754059359183,0.32542562513896783,0.25472098788952763,0.07070463724944023
2022-03-07,0.27952718120745806,0.3052124610907506,0.25834320845745623,0.046869252633294396,0.3163848353003407,0.3579636179580524,0.2944247351640986,0.06353888279395381
2022-03-09,0.25067148491875973,0.28298969574498,0.23589956719464616,0.04709012855033383,0.2786192195511293,0.30994987780624556,0.2504534265377684,0.05949645126847715
2022-03-10,0.2379629625077753,0.27005646157894186,0.21615374740356638,0.053902714175375496,0.25752875566437283,0.29480063181610294,0.23694778207183909,0.05785284974426386
2022-03-16,0.23947084415416153,0.26790398648484715,0.21091120331404944,0.0569927831707977,0.24346027014141458,0.2778838342892968,0.2245955995967296,0.05328823469256719
2022-03-30,0.1980983738732966,0.22635900448653107,0.17601562877987303,0.05034337570665802,0.19242216164944595,0.22356260652899707,0.17863460988267743,0.044927996646319635
2022-04-06,0.17889962645505594,0.20943795773626772,0.16029352474616215,0.04914443299010556,0.17173570699186372,0.20825613956563382,0.1695249249945131,0.03873121457112072
2022-04-13,0.17309045683652513,0.18446971848818625,0.16292852333593907,0.021541195152247155,0.15363290484940956,0.18969565731087026,0.15721331277829925,0.032482344532571004
2022-04-21,0.17147780423645662,0.19581962947525142,0.15678298984685787,0.03903663962839353,0.16071769464502975,0.19857529092556625,0.1612894282914823,0.037285862634083955
2022-04-27,0.19903550897263733,0.21778526107032978,0.18757641366558492,0.030208847404744863,0.19170105988154829,0.2206132282522404,0.18737497773961767,0.03323825051262271
2022-05-04,0.20378298557596958,0.2485804928421357,0.1939717544960658,0.05460873834606992,0.22696514224592274,0.2560703983906435,0.222959057821792,0.03311134056885148
2022-05-11,0.21031707718567147,0.2638868601995121,0.19501393516765406,0.06887292503185805,0.209464073128193,0.23614001664145537,0.21188140767306,0.02425860896839538
2022-05-12,0.2123473629215463,0.259941126510306,0.20782081479079542,0.05212031171951055,0.232705365457604,0.2650092301211906,0.2311415274155486,0.03386770270564199
2022-05-23,0.21908562671955298,0.25894968288525966,0.18957292958608868,0.06937675329917095,0.23243497278525696,0.2645900331810302,0.21962289257502388,0.04496714060600634
2022-05-25,0.23040005192324878,0.262443418923498,0.20083285261377584,0.06161056630972217,0.2407092806297119,0.26926125800970013,0.22400084046467278,0.04526041754502736
2022-06-01,0.18552457511949497,0.21063614840455105,0.17897785661216936,0.03165829179238168,0.1958335689618683,0.224619761869105,0.18664416530519365,0.03797559656391135
2022-06-02,0.18277734521480818,0.20288862840620053,0.17071532581308752,0.03217330259311302,0.19104971863980585,0.21644064624199277,0.1786877943324452,0.03775285190954758
2022-06-07,0.19276177424695715,0.21656752596847406,0.16883085443694412,0.04773667153152994,0.19553087176192893,0.21836813647719008,0.190195386870402,0.028172749606788092
2022-06-08,0.18129413432591354,0.20853545619602754,0.166693659120193,0.04184179707583456,0.18809193492863305,0.21325947412869212,0.18439044504190655,0.028869029086785555
2022-06-09,0.17488188583475076,0.20859078295241995,0.1558932136159675,0.05269756933645244,0.1730089002552952,0.20287156384589888,0.16753223500113545,0.03533932884476343
2022-06-13,0.2126547717734293,0.25649342769046185,0.19847055172162062,0.058022875968841196,0.224944750432456,0.25443919868748666,0.22518566226667833,0.02925353642080835
2022-06-15,0.2195662348600849,0.24977563933748617,0.20068280034776964,0.04909283898971652,0.22938650600688631,0.2562798788927539,0.2205857044904513,0.03569417440230259
2022-06-20,0.20010613959045725,0.2615734920299646,0.1908491061788797,0.0707243858510849,0.2227039204155097,0.2590488567800272,0.21906823980206752,0.039980616977959675
2022-06-21,0.20038169404632167,0.23395526421203172,0.18552765319136366,0.04842761102066806,0.20291574136517612,0.23851128925025541,0.20056189039214814,0.03794939885810728
2022-06-22,0.2052930319633039,0.2363277064405635,0.19001716732014864,0.04631053912041486,0.20870990819083057,0.24165159632722322,0.20644115816178424,0.03521043816543898
2022-06-28,0.20744942904958164,0.22132209822708715,0.19948748964282226,0.021834608584264892,0.20551805476812327,0.230832994556752,0.19820143936966325,0.032631555187088726
2022-06-29,0.21376112870492187,0.23131895183844817,0.2037595461822367,0.027559405656211462,0.21202303202518186,0.2401564314321882,0.1998651801622768,0.0402912512699114
2022-07-06,0.1945723425436857,0.22581602845407753,0.1698859630045335,0.05593006544954402,0.19509516066427798,0.2264278750529731,0.18474440528466576,0.04168346976830734
2022-07-11,0.1822350806250046,0.19609762400380784,0.1482840371638336,0.04781358683997425,0.17101308436738463,0.19807206773712188,0.17125514534859473,0.026816922388527127
2022-07-13,0.17787458112454532,0.20511352099366742,0.1602124744914421,0.044901046502225324,0.181091235739526,0.2043987822484531,0.17934830747264538,0.025050474775807734
2022-07-20,0.15713196313290267,0.18484298764039828,0.1296404136491718,0.05520257399122646,0.15253924196058086,0.1896722938968922,0.1551105402786503,0.0345617536182419
2022-07-22,0.1582770786051302,0.18261479353968108,0.14110355664091198,0.041511236898769094,0.1544335044132905,0.18619733929778207,0.15022069348215566,0.035976645815626415
2022-07-26,0.1743621701351051,0.1905388987801575,0.16624044979258024,0.02429844898757727,0.17631553957217078,0.2054964767518493,0.17293254683376574,0.032563929918083545
2022-07-27,0.17435527230870404,0.19299875236277628,0.16253209479786812,0.030466657564908153,0.1801126216770935,0.20895729973838353,0.17236355289298622,0.03659374684539734
2022-08-03,0.1659604653379322,0.19857633138588143,0.14955755244610217,0.04901877893977925,0.1722642802540427,0.20812766257955218,0.16555277711495364,0.04257488546459852
2022-08-04,0.1716879083269173,0.20550482468767844,0.15484436538923999,0.050660459298438466,0.17514537736699726,0.21307555605350714,0.1667388562928993,0.046336699760607836
2022-08-12,0.16429645899446532,0.18620324580499714,0.14165585754945884,0.04454738825553831,0.14111041913103536,0.1773924087716188,0.14345926761866096,0.033933141152957855
2022-08-17,0.155647483052041,0.1815080659274106,0.1452390010501312,0.03626906487727937,0.1462903059576665,0.19017658167981644,0.14205243635793355,0.0481241453218829
2022-08-18,0.15795451055787824,0.18207676680043353,0.14228412757754225,0.03979263922289127,0.14299635719945908,0.17693995990268707,0.14135009035575052,0.03558986954693655
2022-08-22,0.18215581313290968,0.1957272570645996,0.15943657794896282,0.03629067911563677,0.16755800005408708,0.20286029908788272,0.17273438685598105,0.03012591223190166
2022-08-24,0.17113494186837083,0.18910311814970213,0.154309141463513,0.034793976686189144,0.15719920121111827,0.18986160285237702,0.16315961145846714,0.02670199139390991
2022-08-26,0.15858631599760367,0.18231837706108545,0.14799840507361825,0.034319971987467196,0.15567003857983092,0.18999815892775565,0.15641563045894355,0.03358252846881208
2022-08-29,0.17530038021812172,0.197255400972731,0.15860069036591767,0.038654710606813324,0.17394224965117397,0.2105524782423629,0.17452855995387218,0.03602391828849072
2022-08-30,0.1613826366779323,0.1874590329313408,0.14738133259250263,0.040077700338838174,0.1581394734556735,0.1978192794856757,0.16172646251778552,0.03609281696789018
2022-09-02,0.17499701970297835,0.20228402397256215,0.16108166768954085,0.041202356283021296,0.17598711483444193,0.20549291897331098,0.16812498431681547,0.03736793465649552
2022-09-05,0.17916593045747628,0.2055293584293019,0.16283624868977403,0.042693109739527876,0.18510912539428445,0.21796342823274628,0.17407974392026773,0.04388368431247854
2022-09-07,0.17826503241116634,0.20323154403094237,0.16209836175320655,0.041133182277735825,0.17883172742161,0.20760925929297716,0.17003698397426018,0.03757227531871697
2022-09-09,0.16826482043152416,0.18520999015077017,0.1521647342799794,0.03304525587079077,0.15614500128225375,0.1882139576369704,0.15053922691501118,0.037674730721959246
2022-09-13,0.16472165557779722,0.18278594289270966,0.15324457649229029,0.029541366400419378,0.15857079731414658,0.1954863180134422,0.1498766697259278,0.04560964828751438
2022-09-14,0.17704339545477,0.197923624080776,0.16753827059956347,0.0303853534812125,0.17175029169078374,0.2031412328481798,0.17013449160216357,0.03300674124601624
2022-09-16,0.19284982675310816,0.2045661857857272,0.18444265791586803,0.020123527869859142,0.1953977652883494,0.2220040400149168,0.18958423621804713,0.03241980379686967
2022-09-21,0.18946333467062154,0.204537676200169,0.18004729137216113,0.024490384828007868,0.19635073834975258,0.224058926677086,0.18743652625902157,0.036622400418064416
2022-09-22,0.1828436413598063,0.19739378914099776,0.17705458890392775,0.020339200237069983,0.18343912531106205,0.20546631147906602,0.17684294447239157,0.02862336700667445
2022-09-26,0.21103769938873915,0.2264098720917567,0.19993589022420188,0.026473981867554817,0.22310332904070795,0.2453791305714851,0.2188300091936252,0.02654912137785992
2022-09-28,0.21454306353491145,0.22459954109784083,0.20569945571080722,0.01890008538703363,0.21320943056608097,0.24054878371497576,0.2072011748133369,0.03334760890163884
2022-09-29,0.2049220983391878,0.2298173347949025,0.19370594170176178,0.03611139309314071,0.20532176107248679,0.22484815458636387,0.19920797515290634,0.025640179433457533
2022-09-30,0.19228985756179015,0.21125765461887167,0.18016533846075472,0.03109231615811695,0.18721921040069422,0.2128428454695432,0.1818420536904106,0.03100079177913262
2022-10-04,0.1916440344828024,0.21379172306299843,0.16378151722821688,0.05001020583478155,0.17996079578364732,0.20651385638067232,0.17223749382597806,0.034276362554694274
2022-10-06,0.18283920243009044,0.2144136524303726,0.16107406729383975,0.05333958513653287,0.17162539043678135,0.20210118131602428,0.1687132371690261,0.033387944146998194
2022-10-07,0.18133144162371417,0.20464029907112766,0.16736138307409293,0.03727891599703475,0.17007226962020336,0.19094332206429016,0.1679986019972358,0.022944720067054343
2022-10-12,0.1961234087260751,0.21903895680365956,0.1707100815333243,0.04832887527033528,0.1970573926508609,0.2153273538794573,0.199245579334664,0.0160817745447933
2022-10-17,0.18030300545892183,0.20704283591967013,0.15742759237192366,0.049615243547746476,0.18125293113101237,0.20630464414478386,0.17883347874288497,0.0274711654018989
2022-10-19,0.16439913360916564,0.19513117527405013,0.14693334071570543,0.0481978345583447,0.16137192009572074,0.19064027871490602,0.15978653762934641,0.030853741085559605
2022-10-21,0.16313139998165418,0.18739425031561385,0.1502302810005943,0.03716396931501954,0.15219217243626482,0.17953668190568361,0.15202367318284946,0.027513008722834163
2022-10-24,0.16455698574005564,0.18865808426013597,0.15130510777508338,0.037352976485052584,0.1613950929216965,0.19418327699260501,0.15082379807521917,0.043359478917385834
2022-10-25,0.1612011203112529,0.17418643643583875,0.15144471812824767,0.022741718307591086,0.15389089247433374,0.18473766697566837,0.15280845472464502,0.03192921225102336
2022-10-31,0.1468922687295584,0.17276889542580484,0.1375748884253857,0.03519400700041914,0.1479599289695603,0.1802218804220941,0.1458854930809326,0.03433638734116151
2022-11-02,0.15578742801647988,0.1791672416738218,0.14517001477665842,0.033997226897163384,0.1588661508856826,0.18981415397903006,0.15609333929799973,0.033720814681030324
2022-11-03,0.15017926358163847,0.17730577961598026,0.12405992523972818,0.05324585437625208,0.14715672853002526,0.17489669942819042,0.14501690637183806,0.029879793056352355
2022-11-09,0.14854007933931376,0.17166533615591684,0.12535346410494766,0.04631187205096917,0.1459175759920647,0.18457879370055455,0.1455938343674423,0.03898495933311225
2022-11-10,0.1498447527952396,0.1668349466070189,0.14097164917984886,0.025863297427170025,0.1418894643206261,0.18249150749940668,0.14702015251798084,0.03547135498142584
2022-11-11,0.1339370686310892,0.15702048296409085,0.12915057334189703,0.02786990962219381,0.12674331086730134,0.18444880620205698,0.13014639337076378,0.05430241283129319
2022-11-16,0.13983634677414594,0.16127863232722867,0.1320389820827339,0.02923965024449477,0.1341916106719616,0.1723998665018302,0.1354367261997762,0.03696314030205399
2022-11-17,0.1421238448061519,0.16111633664360486,0.11837167582256024,0.04274466082104463,0.1313781321384156,0.16536028229187316,0.1313234136089072,0.03403686868296596
2022-11-21,0.13066640995917647,0.1557789073575085,0.12809037914432814,0.027688528213180366,0.12950238230183694,0.16592403106593828,0.13888933980618948,0.02703469125974881
2022-11-22,0.12275179003033104,0.14764888290263567,0.12382491801656936,0.023823964886066307,0.1180325951771198,0.16023700935886837,0.13227783490284978,0.027959174456018587
2022-11-23,0.1250590246561797,0.1535709996512525,0.11655047436068587,0.03702052529056665,0.11978595739942441,0.1615310477278794,0.13107978730651226,0.030451260421367112
2022-11-25,0.11671903237743213,0.14395940559002554,0.10660739777159074,0.037352007818434806,0.11109476313650661,0.1519963889447853,0.11853678323661487,0.033459605708170415
2022-11-28,0.1214555757787703,0.15542194706820123,0.10826905412682875,0.04715289294137248,0.12056616832591796,0.16845230976882647,0.12718440050566343,0.04126790926316305
2022-11-30,0.12094172169706942,0.15332095962329925,0.10911588226782395,0.04420507735547531,0.11562498776646211,0.16332841247354019,0.12938864122136248,0.03393977125217772
2022-12-01,0.11902929465205084,0.15662290316579255,0.11026660982429691,0.04635629334149563,0.1152565236874818,0.15975792696588975,0.12379238114021973,0.03596554582567002
2022-12-07,0.12827208455284322,0.1517785192451718,0.1316429441378924,0.020135575107279414,0.12913006840687577,0.16506185153026032,0.14215386901420018,0.02290798251606014
2022-12-12,0.12625952551586372,0.14229302813204583,0.12903270123380559,0.01326032689824024,0.11899382423343903,0.16575581196038794,0.13502795067332687,0.03072786128706108
2022-12-14,0.12052637583167847,0.1449092894874191,0.12710085175446645,0.017808437732952667,0.11630108178373211,0.1754859956624519,0.13162506740892585,0.043860928253526055
2022-12-16,0.1320723679212884,0.14976389372123475,0.13102312675735156,0.01874076696388321,0.12699875102467956,0.1704309026362809,0.1414389612784682,0.028991941357812707
2022-12-19,0.13021015393146135,0.1550251048576132,0.12359954358517403,0.031425561272439166,0.12693647053895535,0.17424683649901418,0.1419249635096335,0.032321872989380704
2022-12-20,0.12929355703230144,0.15455282043707674,0.1203879270437418,0.03416489339333495,0.1227395265191228,0.16760587652641185,0.14042341524133,0.02718246128508182
2022-12-21,0.14759378481182023,0.16352176224812665,0.13628034321450913,0.027241419033617504,0.15233474400989552,0.20209473037033046,0.15457989276259582,0.04751483760773466
2022-12-26,0.15428372614121985,0.1768375457067224,0.14093301786469858,0.0359045278420238,0.1500141959469101,0.1931947260363316,0.15291917599556523,0.04027555004076636
2022-12-28,0.14957531877122446,0.17511547014265394,0.13966582573710762,0.03544964440554632,0.14077102500439934,0.18307373021795975,0.14277327017179559,0.04030046004616418
2022-12-29,0.1439526276803938,0.16751719389065256,0.1396042318443751,0.027912962046277467,0.12559518632221078,0.1649239679514114,0.13319531330319911,0.031728654648212284
2022-12-30,0.14604208246116585,0.16590870186735285,0.139124728126923,0.026783973740429845,0.12912911170911873,0.17145531057333066,0.13334510827724116,0.03811020229608949
2023-01-02,0.14919825256386535,0.16868422432524632,0.14253522885592407,0.026148995469322256,0.13246981450112502,0.16969106411192567,0.13910276673318225,0.030588297378743436
2023-01-04,0.15308688302856868,0.17182145820196407,0.14474531490800047,0.02707614329396362,0.13697388468471122,0.17007571139005354,0.143919670682764,0.02615604070728951
2023-01-09,0.15003442240373746,0.1662778667174472,0.1321788808113377,0.03409898590610954,0.1284799467898507,0.16938858923346048,0.14034928128021087,0.029039307953249605
2023-01-11,0.15461528159842858,0.1685988496109816,0.14670687985222347,0.021891969758758106,0.14399919812364648,0.18452033962910797,0.14941319389431662,0.035107145734791345
2023-01-12,0.15469524759367637,0.17557841585115838,0.15042347729755542,0.025154938553602957,0.1449700178834176,0.18075403200011964,0.14938514128820557,0.031368890711914066
2023-01-16,0.15594128774257165,0.15613770194413032,0.14065388503046058,0.015483816913669735,0.1479570424041299,0.1816238852036095,0.15820658401008758,0.023417301193521922
2023-01-18,0.1464983349060112,0.16614976111188673,0.126954007361218,0.039195753750668715,0.14268059008814968,0.18236942460084937,0.1466026219202312,0.03576680268061816
2023-01-23,0.13665211716631437,0.15538651153299096,0.1261214830771631,0.029265028455827884,0.13701710441832984,0.17173188403725984,0.14490366813583602,0.0268282159014238
2023-01-24,0.13672625298615335,0.1532468874410151,0.125455504213126,0.0277913832278891,0.13487505038141717,0.16887561443432578,0.14110876091586683,0.027766853518458947
2023-01-30,0.13756516873367622,0.1928079782800976,0.16328338641224985,0.02952459186784776,0.1927454491154042,0.22649554495593296,0.19405002700455348,0.032445517951379496
2023-02-01,0.14914676423261106,0.20112694308745813,0.14622015527230559,0.05490678781515254,0.17556668150621435,0.21924965526808243,0.17313285369595124,0.04611680157213119
2023-02-03,0.13294423623635535,0.16277219983416108,0.12913033564127285,0.03364186419288822,0.1297245800883201,0.17002725720202289,0.1364774388376803,0.0335498183643426
2023-02-06,0.13774678790588782,0.16402470609528322,0.13111837030012413,0.032906335795159086,0.13677415673649915,0.17080502797137193,0.1442721829076231,0.026532845063748818
2023-02-07,0.13518900435056835,0.14981950688792556,0.10633239728831934,0.04348710959960622,0.134645387141276,0.17205475255968494,0.14136364752714492,0.030691105032540023
2023-02-08,0.12537885651572364,0.1508787768960421,0.10493991699352408,0.045938859902518024,0.12100078932749014,0.16107824961330663,0.13168946084651523,0.029388788766791407
2023-02-09,0.12058499462407148,0.14626040905802765,0.12871144715163654,0.017548961906391103,0.1141356184450858,0.16276294515790823,0.12842321156658443,0.03433973359132381
2023-02-13,0.12377213522704655,0.1506641001269955,0.12159569848466126,0.029068401642334242,0.12337780427734585,0.16500612362839767,0.13261887113943313,0.032387252488964534
2023-02-15,0.11203729699090426,0.14024309960404224,0.11133396355714326,0.028909136046898983,0.11059790328807531,0.15533116207253883,0.1250661841743264,0.030264977898212413
2023-02-20,0.12272330066343944,0.14780395820628836,0.12662197794119479,0.02118198026509356,0.12328593703297551,0.16270456466588026,0.1412315148615258,0.021473049804354463
2023-02-22,0.1313181096722184,0.15580580005398037,0.1279930261535398,0.02781277390044057,0.1350358326315856,0.17353010636623928,0.1453852979825544,0.02814480838368486
2023-02-23,0.12981933038300084,0.15702785124339425,0.12281333056152939,0.03421452068186485,0.12605699318686137,0.17127764308149374,0.13526442613105338,0.03601321695044035
2023-02-27,0.1234659366206863,0.14978353375674125,0.11739514830199926,0.032388385454741986,0.12265852955971196,0.1665894950729907,0.1423048330893398,0.024284661983650882
2023-03-01,0.1142774839973577,0.13938465070251835,0.11336880577781283,0.026015844924705524,0.11179565460987942,0.1548030236777065,0.13037575373584837,0.024427269941858145
2023-03-03,0.10915581564670143,0.1113783241021089,0.08681881973962158,0.024559504362487328,0.0986221959312483,0.14575933430532576,0.11926806448874012,0.026491269816585623
2023-03-08,0.10641269846587034,0.14035375076797812,0.10719476092483428,0.03315898984314384,0.10882189017180667,0.15455202910597976,0.13040479940399763,0.024147229701982145
2023-03-10,0.12138971144182827,0.15200907670764582,0.11981214806109478,0.03219692864655104,0.11832428572587295,0.1601549179646439,0.13746232764332986,0.02269259032131406
2023-03-13,0.15103940359581894,0.1699707332797642,0.13956916567238156,0.03040156760738265,0.16081265043491888,0.20464377534784775,0.163788568892409,0.040855206455438754
2023-03-15,0.154513596408122,0.18372554252555093,0.14478983147406174,0.038935711051489186,0.16420013513639756,0.20585531114254074,0.15916003593066108,0.04669527521187966
2023-03-17,0.1420436658811921,0.17064197796532657,0.13684671419479835,0.03379526377052823,0.14258799008151013,0.1920954649641522,0.148375826437944,0.04371963852620819
2023-03-20,0.1537864451346686,0.19603421414408334,0.14592098854360636,0.05011322560047698,0.16070413034223224,0.20408063132734533,0.16021558383046486,0.04386504749688047
2023-03-21,0.14344419691115928,0.17173503085680952,0.13856900056824628,0.03316603028856324,0.1469815586072306,0.1939423028170908,0.1513058584280249,0.042636444389065886
2023-03-22,0.14175233567157322,0.1706381641649147,0.13632440868841403,0.034313755476500694,0.14495443783437317,0.18529667770860891,0.14793789019665615,0.03735878751195276
2023-03-27,0.15064678339340395,0.18734764737392556,0.13455112436511726,0.0527965230088083,0.1444769744209147,0.18615032090666567,0.14873544345594553,0.03741487745072014
2023-03-28,0.14887627514617396,0.17962622214990454,0.13176210926872312,0.04786411288118142,0.14036420553979642,0.18201843158833902,0.14159629180408118,0.04042213978425784
2023-03-31,0.12144398409361773,0.1553521303959991,0.11534254814910838,0.040009582246890725,0.11612247620682492,0.15935454835940327,0.1262441094358248,0.033110438923578504
2023-04-03,0.11907349609356963,0.15208400695332255,0.11601135739464194,0.03607264955868063,0.11099649769583754,0.1524465107937559,0.12728222646890433,0.025164284324851596
2023-04-05,0.11566760976212861,0.14959839032673164,0.11043660051685197,0.03916178980987966,0.10853671341326833,0.1529870456057587,0.12137596022892996,0.031611085376828746
2023-04-12,0.11165289035417655,0.14055161911731553,0.11423902981950403,0.02631258929781152,0.1042234260476952,0.1569573661710508,0.12468862568576965,0.03226874048528115
2023-04-13,0.10832005708885191,0.14250071707367487,0.10797435971112813,0.03452635736254672,0.0956493970690705,0.15653884030390586,0.11545205522399193,0.04108678507991392
2023-04-17,0.11313493606096404,0.14328473053849455,0.11202824114427903,0.03125648939421551,0.10847365438199612,0.1641095928315503,0.12905132413466802,0.03505826869688227
2023-04-19,0.11480309721134223,0.15684688683525344,0.11166429959297039,0.045182587242283044,0.10559225707055056,0.15155580904120264,0.12340195581182048,0.028153853229382162
2023-04-24,0.11007345157810845,0.13891868077904995,0.10145641252942131,0.03746226824962865,0.09860854434851475,0.14632344858162558,0.11992316007953312,0.02640028850209245
2023-04-26,0.11008074277090514,0.1355768767654677,0.11003322360861313,0.02554365315685457,0.09952270962245678,0.14698580570735434,0.11805124600677175,0.028934559700582594
2023-04-28,0.09609220274400596,0.1257442451274779,0.10211138933869408,0.02363285578878381,0.0864530971656171,0.1346774510436468,0.11559319679992949,0.019084254243717323
2023-05-03,0.10440641734135025,0.13660875020207072,0.10574623260205086,0.03086251760001987,0.10048422186693448,0.14823950559696947,0.12046836366047943,0.027771141936490044
2023-05-05,0.10927396672061569,0.1406748121348476,0.10877626565388723,0.03189854648096034,0.10475253084667896,0.15036904841760318,0.12402668953506892,0.026342358882534254
2023-05-08,0.11069243687343308,0.1460305612056977,0.09215294750426294,0.05387761370143476,0.10472927677413066,0.15467853242567514,0.12120124517710273,0.0334772872485724
2023-05-09,0.1101106334395037,0.15379991534965765,0.07046326413209592,0.08333665121756173,0.10386538266022717,0.15340533940469595,0.12096281790869513,0.03244252149600081
2023-05-10,0.11218165504921608,0.14832098661870594,0.12486420949488931,0.023456777123816625,0.10471560934900817,0.1506204654002552,0.12098244060691649,0.029638024793338706
2023-05-11,0.11358162277364305,0.1497747304272325,0.1148740715309176,0.0349006588963149,0.10405595517420241,0.16174381225450318,0.11791181183950172,0.04383200041500146
2023-05-15,0.11367020727518556,0.1534980393071157,0.07826033026675315,0.07523770904036255,0.10423593987655887,0.1602781566436557,0.12111409027465138,0.039164066369004304
2023-05-16,0.1153322832590545,0.1502229170833682,0.09802436103932877,0.052198556044039446,0.10945715247973624,0.16590647626134292,0.12614722572848638,0.03975925053285653
2023-05-17,0.1174503842750104,0.14807399924681816,0.11826359202739171,0.029810407219426453,0.1108823396313989,0.1548471632303201,0.12973513293852992,0.02511203029179018
2023-05-18,0.11282535659125419,0.14286779958654078,0.11354902027850525,0.02931877930803552,0.10557297899070345,0.14564880037949024,0.12671740874933235,0.01893139163015789
2023-05-22,0.10794072223199609,0.13867113288481012,0.09332796528871665,0.045343167596093484,0.10483930552645795,0.15158323911536367,0.12116113022298183,0.03042210889238182
2023-05-23,0.10740571224238041,0.14149172427103673,0.0828941757394488,0.05859754853158794,0.10449767527681468,0.15221962937483827,0.12085782929358123,0.03136180008125703
2023-05-24,0.11019304213513223,0.14274434229033567,0.11028359612498916,0.03246074616534652,0.10744175736545845,0.1534169878257709,0.12337478576125958,0.03004220206451131
2023-05-26,0.10182148705703024,0.13139558598709464,0.10089291372527295,0.030502672261821698,0.09938666512987432,0.14424362040042255,0.11508342548354607,0.029160194916876492
2023-05-30,0.09844874090765954,0.13129816564736796,0.09480894973060217,0.036489215916765794,0.10126777185148055,0.15203626786860625,0.11713890824557005,0.034897359623036195
2023-05-31,0.10200289898758574,0.1345631346897557,0.10023099872065462,0.03433213596910107,0.10384202327826557,0.15417202074589703,0.12093970635895701,0.03323231438694003
2023-06-07,0.10149381083593766,0.13705631146386552,0.10028156134907151,0.036774750114794016,0.09444592010054108,0.14407965475905776,0.11587569531510512,0.028203959443952646
2023-06-12,0.1053772775732361,0.1338890994649246,0.1049358215087212,0.028953277956203394,0.10015148561987465,0.15759951886824858,0.11954316149789435,0.038056357370354225
2023-06-13,0.10560144014981365,0.13607019051564695,0.10225558218704034,0.03381460832860661,0.09570441782021362,0.1523600127124562,0.11502995351542696,0.03733005919702924
2023-06-14,0.10099586917587046,0.15024255665676112,0.10694307886810019,0.04329947778866093,0.09621455399462783,0.15648308558790244,0.11460165574065023,0.0418814298472522
2023-06-19,0.11034389631718157,0.1377716354284187,0.11741094921871996,0.020360686209698744,0.1036059548353179,0.16373937628400473,0.12580317095525473,0.03793620532875
2023-06-20,0.106890480169787,0.13473622960567333,0.1168449668409659,0.017891262764707427,0.09999392136276479,0.15336219686326555,0.12523522145391194,0.028126975409353605
2023-06-21,0.10858313484434948,0.1384540147941037,0.11017995120003356,0.028274063594070142,0.09958927976175552,0.15026728659196997,0.121522963626816,0.02874432296515396
2023-06-22,0.11204557735267785,0.14118641088302905,0.11092740707024694,0.030259003812782126,0.1033259805183616,0.1536800203102615,0.12214408602376814,0.03153593428649337
2023-06-26,0.10969555136533796,0.13906780202291408,0.10328191385835998,0.03578588816455408,0.1029716390787328,0.1515921750175642,0.12505525945239881,0.026536915565165384
2023-06-27,0.10317483416162375,0.1310904806938904,0.10002598221788173,0.031064498476008673,0.09160271012441606,0.14091833059955455,0.11666420036291214,0.02425413023664242
2023-06-28,0.1032974179355273,0.13655940578271508,0.09804735395667194,0.03851205182604315,0.09599329058834724,0.1464163678719024,0.11133112171898928,0.035085246152913134
2023-07-03,0.10808365840874873,0.14466115053098946,0.10558481557441723,0.03907633495657224,0.10387433924425764,0.15628104966439516,0.12261151763310885,0.03366953203128631
2023-07-04,0.1080549950006817,0.14770823981845727,0.10588168253041186,0.04182655728804541,0.10432759370899265,0.15516210025475935,0.12673582008747733,0.028426280167282006
2023-07-05,0.11006878019517655,0.14722188403509429,0.1094867209366651,0.03773516309842918,0.10674397025211617,0.15218647748346725,0.12732764227663396,0.024858835206833265
2023-07-10,0.10326557163660893,0.13357787120261172,0.10950157382156915,0.02407629738104257,0.10046862104948902,0.14630207282422145,0.1206405126311105,0.025661560193110944
2023-07-11,0.10301432819607455,0.13746481911322128,0.1091193711364209,0.028345447976800386,0.09497426198334147,0.15255696656938308,0.11626768479003857,0.036289281779344505
2023-07-12,0.1023309652121334,0.12496293499962359,0.1115671835483952,0.013395751451228378,0.09611462256641555,0.16267233762353783,0.12136999920220402,0.04130233842133382
2023-07-13,0.1034341513974917,0.13462719784722021,0.1065533908200827,0.028073807027137535,0.0941838809235296,0.15261012283435527,0.11586015781469783,0.03674996501965744
2023-07-17,0.10319005157318901,0.1393794671472993,0.10490647626587066,0.03447299088142865,0.10106717848117067,0.15311863903020648,0.11764132047565111,0.03547731855455538
2023-07-18,0.11367175243776614,0.14479374589834393,0.1120729526565496,0.03272079324179433,0.10779284283823581,0.15673565076241378,0.12268420148915281,0.03405144927326097
2023-07-19,0.10702348865345292,0.14982555142564996,0.11073280424638547,0.03909274717926449,0.10246731558419836,0.1498830267955863,0.12621916244189307,0.023663864353693245
2023-07-20,0.10748903919173619,0.14990252820253389,0.1094370555994834,0.04046547260305048,0.1059589118701458,0.14864397972366028,0.12167472964591575,0.026969250077744533
2023-07-24,0.11448042522374227,0.1688149649249167,0.11251514445691388,0.056299820468002845,0.11573047174785331,0.16059926052592235,0.13724045775315424,0.023358802772768125
2023-07-25,0.1110077189547347,0.13585099807005374,0.11811478276018317,0.017736215309870573,0.1084550212365994,0.15440950345504081,0.13424075252202247,0.020168750933018335
2023-07-26,0.10749039972935309,0.14403076755913352,0.11122611071242185,0.03280465684671168,0.10725155266444922,0.14755075230410267,0.12894230220008548,0.01860845010401719
2023-07-27,0.10896744757221147,0.13694847438247137,0.11434518903710002,0.022603285345371354,0.1108857854721432,0.1559398683803721,0.13187733249906763,0.02406253588130447
2023-07-31,0.10180470771124302,0.1236240742238342,0.10103376902787226,0.022590305195961946,0.1003746100128046,0.1425909999381711,0.1256085931347697,0.016982406803401368
2023-08-01,0.09717747041205854,0.11759697759161192,0.09878165517283932,0.018815322418772595,0.09593670383426951,0.1447506682789625,0.12283098978990457,0.02191967848905791
2023-08-02,0.10331845071443647,0.12462735617820878,0.11102109670361653,0.013606259474592248,0.10428045084860496,0.14963919426912142,0.128864984492109,0.020774209777012435
2023-08-03,0.10083745649699719,0.12429720842604541,0.10688031220048935,0.017416896225556058,0.1001202084195981,0.14864771043591674,0.12237997771613784,0.02626773271977889
2023-08-04,0.09477250538044583,0.1170932280635755,0.10269625308621053,0.01439697497736498,0.0909711939314699,0.13463748706446438,0.11629341565760092,0.01834407140686345
2023-08-08,0.09747566824080856,0.13933944134157805,0.09965534149569599,0.03968409984588206,0.09459245162696757,0.141479488876971,0.11861137709449388,0.02286811178247713
2023-08-09,0.11244023262007152,0.11753562512865263,0.10680886446027646,0.010726760668376174,0.08985209456157515,0.14042692387648412,0.11542543749240913,0.02500148638407497
2023-08-10,0.0972485839337853,0.1337227252098867,0.10356329801910052,0.030159427190786167,0.09111460898529045,0.13738590301487896,0.11443969903876194,0.02294620397611702
2023-08-11,0.0993810512377295,0.12860286103592727,0.10814537910913367,0.020457481926793593,0.0913902487375753,0.1414320862211095,0.11497233362747217,0.026459752593637326
2023-08-14,0.10116247737365368,0.1462650945609185,0.084768217290372,0.061496877270546486,0.09276672581578224,0.1388699524054086,0.12066098389471287,0.018208968510695707
2023-08-16,0.10044828276450046,0.1333643745182989,0.10473145349999864,0.028632921018300284,0.09337116071832646,0.13723043039486985,0.12655208670419274,0.010678343690677092
2023-08-17,0.10374770759041946,0.13253479863403048,0.10976032581272552,0.022774472821304976,0.09614695159899986,0.13302220518685992,0.12190098790857284,0.011121217278287077
2023-08-18,0.10288746789628209,0.13778496017115907,0.10389663296653298,0.033888327204626076,0.09253208972481507,0.13415457866935146,0.12378502528028511,0.010369553389066359
2023-08-21,0.10191434241558857,0.1324998443889995,0.10361267355550563,0.02888717083349387,0.09350615231708508,0.14004979808255438,0.1221272543723723,0.01792254371018208
2023-08-23,0.09837437729631658,0.11883782941781838,0.08088386216257751,0.03795396725524087,0.09149146777531042,0.14310493142385944,0.11972332949167758,0.023381601932181844
2023-08-24,0.10166740470839303,0.13525598159972294,0.07718850457179846,0.058067477027924475,0.09470254155012756,0.14223086419072928,0.11668373671824384,0.025547127472485442
2023-08-25,0.10709783276420948,0.13314751789837143,0.10698228141630255,0.026165236482068872,0.10019548545987177,0.14648151064128076,0.12056987289042555,0.025911637750855223
2023-08-28,0.11088628496078476,0.14185754636367318,0.10762500541766608,0.034232540946007105,0.10414206037789153,0.15573081528889127,0.12420034265602554,0.03153047263286573
2023-08-29,0.10669879002762425,0.13331732709827637,0.10749488045161915,0.025822446646657227,0.09806820829753915,0.14822988377604165,0.12124209905123731,0.026987784724804342
2023-08-30,0.10443927472843607,0.13434905222898422,0.10509453266888714,0.02925451956009706,0.09665627891126367,0.1453313216380521,0.11835910131343702,0.02697222032461509
2023-08-31,0.11324220114889956,0.15055410334127664,0.11181263899005588,0.03874146435122075,0.10763406698423245,0.14267960536131952,0.1261175693833234,0.016562035977996103
2023-09-01,0.09995384481933589,0.1281784545797695,0.1032387073819476,0.024939747197821913,0.08953555442141688,0.138682886169348,0.11424638682751187,0.024436499341836133
2023-09-04,0.09803043872761663,0.13141119388123837,0.1022269198570778,0.029184274024160572,0.08943553527670167,0.1451564209479313,0.11958151277310135,0.02557490817482996
2023-09-05,0.09389372940378041,0.12910580430076202,0.09726440462680053,0.03184139967396149,0.08891840777987646,0.14413136588252534,0.11628993455580298,0.027841431326722343
2023-09-06,0.09489806865770692,0.13222021563159117,0.09679292042137229,0.035427295210218875,0.08482059302525592,0.1395275417187116,0.11935798997411341,0.020169551744598176
2023-09-07,0.09727121387513553,0.13473759965178722,0.09547792605682506,0.03925967359496215,0.0878614832731622,0.13949565636145067,0.11348526778266432,0.026010388578786348
2023-09-08,0.09557803738031725,0.1315620525149461,0.09702880884605174,0.034533243668894355,0.08930190203786516,0.139519702272877,0.11229454170698107,0.027225160565895936
2023-09-11,0.1003535908831079,0.14144910198024188,0.10391537251599305,0.03753372946424882,0.09607655417758218,0.15203448787718546,0.11875927644676258,0.033275211430422856
2023-09-12,0.10590314893299715,0.13962411816046139,0.11188917651294261,0.027734941647518774,0.10106303606979447,0.16246213488941105,0.12410070765575881,0.038361427233652226
2023-09-13,0.10713440554145992,0.15081535836440282,0.1115725348232212,0.03924282354118163,0.10356466831158086,0.16520565229316986,0.120667124156254,0.04453852813691585
2023-09-14,0.10491495526617918,0.1390658137547907,0.10819085348759673,0.03087496026719399,0.0974561651998904,0.16462484981989078,0.11739041055517774,0.047234439264713046
2023-09-15,0.10111865782041993,0.14118605077329666,0.10171652212632244,0.0394695286469742,0.09183486418617194,0.16450107131230243,0.11160056386243358,0.052900507449868836
2023-09-18,0.10392317234735021,0.13899303996763862,0.1105205870212974,0.028472452946341216,0.09617218232390154,0.15925298713014385,0.12141827978451479,0.037834707345629076
2023-09-20,0.10909953879495453,0.13622312474930823,0.11249997064213726,0.023723154107170963,0.10740802860569329,0.1609412488721479,0.13362386923733283,0.027317379634815047
2023-09-21,0.10487668584848517,0.13762955605412383,0.10811797571862465,0.029511580335499183,0.1028880251276449,0.1488429388679009,0.12550382384722525,0.02333911502067565
2023-09-22,0.10577967475233072,0.13386404007161623,0.10740750070728174,0.0264565393643345,0.10108602529307213,0.14848269499232433,0.12421711893175617,0.024265576060568148
2023-09-25,0.107356659115071,0.14130535368113176,0.10742390999667276,0.033881443684459,0.10401484893950419,0.15644197759188266,0.12817360146202159,0.028268376129861092
2023-09-27,0.11214964455491594,0.14213225694215634,0.10991515604308168,0.032217100899074654,0.10170229300181764,0.14666433017055422,0.1245380308218742,0.02212629934868003
2023-09-28,0.12693710223366708,0.14926835686841056,0.12176700817398103,0.02750134869442952,0.11933812186223955,0.15643632264893448,0.130068503416652,0.026367819232282486
2023-09-29,0.10717432024320399,0.13847093888486306,0.1090878896913537,0.029383049193509363,0.09630417362386455,0.14302319683808257,0.11577528557373615,0.027247911264346416
2023-10-03,0.1166718102325652,0.141729984221457,0.1166127685883902,0.02511721563306679,0.10875435878741771,0.15245704261360946,0.12775337639768963,0.024703666215919844
2023-10-04,0.10472149325731865,0.1435758652008609,0.11335100010677215,0.030224865094088758,0.1047438295030022,0.1469663558833792,0.1262062408750434,0.020760115008335793
2023-10-05,0.1054568998617312,0.13331415229707552,0.10880267721412294,0.024511475082952577,0.09571545058834219,0.13851114313902535,0.11733354826501063,0.021177594874014716
2023-10-06,0.09885376309824391,0.12974557121692568,0.10343151712248025,0.026314054094445427,0.0901363914115904,0.13436932347735947,0.11339952843650788,0.020969795040851582
2023-10-09,0.10800621388862534,0.14825468904561184,0.11053376023773939,0.037720928807872464,0.11090639753917625,0.15650778604507362,0.12627875644109615,0.030229029603977456
2023-10-10,0.11181883609966264,0.1434274156023747,0.11051745617162378,0.032909959430750924,0.1084123331408308,0.15718044693147246,0.1229079256886091,0.03427252124286336
2023-10-12,0.10550509351634818,0.1353281006802249,0.10982747746056301,0.025500623219661903,0.1000793962225114,0.14976258819396548,0.1198900856339371,0.02987250256002838
2023-10-13,0.10089735936430026,0.13974901253447822,0.10678557009171209,0.03296344244276612,0.09647530711660647,0.1464301203694957,0.12947550603636873,0.01695461433312698
2023-10-16,0.1053983443450079,0.15001285053081898,0.10999848381083435,0.04001436671998462,0.10519211068183547,0.15358270897917745,0.12430570942616878,0.029276999553008665
2023-10-17,0.1017942288676145,0.14637244581166087,0.10444958764592016,0.041922858165740706,0.09899292729663828,0.15226624595661292,0.12134708623720515,0.030919159719407778
2023-10-18,0.10673379203068273,0.13918436988029997,0.1074515622510001,0.03173280762929988,0.10819072667374112,0.16087106811793817,0.12464795131503692,0.036223116802901245
2023-10-19,0.10484929486242688,0.13434015692589657,0.10500724631203376,0.0293329106138628,0.10519114640597045,0.15096286396473957,0.11682323020660235,0.03413963375813722
2023-10-20,0.103006624888526,0.13740830679280133,0.10661369611712601,0.030794610675675318,0.10106515148625639,0.1468338333202259,0.11742922148037392,0.029404611839851973
2023-10-25,0.12203186314113197,0.15090960124732863,0.11344589012627411,0.037463711121054545,0.12680381611012054,0.17349351076879216,0.13617095370900145,0.03732255705979069
2023-10-26,0.12435138317073566,0.16207472193846126,0.1162790438031627,0.04579567813529855,0.13003556627775914,0.18246984094001206,0.13747689051485246,0.044992950425159606
2023-10-30,0.10827081697553477,0.13775106073538168,0.10790791018370781,0.029843150551673858,0.1130322008911652,0.16686793758728719,0.12869608535296834,0.03817185223431885
2023-10-31,0.10985913752757386,0.1362350068306588,0.10930138297974246,0.026933623850916355,0.11404440742780181,0.16200059820188276,0.13166942447041993,0.030331173731462817
2023-11-01,0.11148713841566424,0.13660125044886975,0.1107837449892241,0.025817505459645642,0.11382087515403366,0.15754141258546184,0.13032086738035023,0.027220545205111586
2023-11-02,0.10238516115424129,0.13641009527732242,0.10509507459936522,0.0313150206779572,0.10194313508018615,0.14658461159437763,0.12122863558896668,0.025355976005410952
2023-11-03,0.09846615546085653,0.1214655321484562,0.09613202462666648,0.025333507521789738,0.09476148608195585,0.1392618702841946,0.11669238873588357,0.022569481548311034
2023-11-06,0.0977087985492815,0.13329277658512137,0.10320449212888251,0.03008828445623887,0.09469262146440542,0.143629359790631,0.11987135093774524,0.023758008852885735
2023-11-07,0.10049719213448349,0.1357555413722018,0.10585010330831146,0.029905438063890344,0.09468278658167659,0.14453550627278208,0.1174885756658678,0.02704693060691429
2023-11-08,0.0962175874790789,0.14075087758582233,0.1034763417801792,0.03727453580564314,0.0941688782299853,0.14063502353166463,0.1176409911204464,0.02299403241121821
2023-11-09,0.09995066035667281,0.13289493437021424,0.10572452559783196,0.027170408772382294,0.0947959859087829,0.13685427125195204,0.11537962742696095,0.02147464382499109
2023-11-10,0.0978265271716837,0.1289712550035603,0.1024953292058279,0.02647592579773241,0.08689391129924826,0.13385528287423248,0.11189271911105969,0.021962563763172786
2023-11-15,0.09865093041481389,0.12806347079787703,0.10234080309889393,0.02572266769898311,0.09044270428039795,0.14367809599995138,0.11469084798034096,0.02898724801961044
2023-11-16,0.10102080043378786,0.13301158219963824,0.10374468781664323,0.029266894382995012,0.09186782493084661,0.1549567240890024,0.11490527283919505,0.04005145124980736
2023-11-17,0.10647507312729564,0.12341206636312853,0.10959517220995973,0.013816894153168795,0.09776623394416631,0.1605777401652426,0.12194775697597038,0.03862998318927221
2023-11-21,0.10873839088364905,0.131067428559267,0.1103177701020499,0.0207496584572171,0.10398674627640293,0.1571517788788255,0.12316714193605373,0.033984636942771776
2023-11-22,0.10780066636073438,0.13310595100040729,0.11051253234775059,0.02259341865265669,0.1070079680486873,0.15435215264662386,0.12092890530862123,0.03342324733800263
2023-11-23,0.10278695245497825,0.12965476583810379,0.10521654564763987,0.02443822019046392,0.101130729179612,0.14807470339909656,0.11518793409152472,0.03288676930757184
2023-11-24,0.10008294652298533,0.12910945433370571,0.09956774950160506,0.02954170483210066,0.09601829539863536,0.1440993530422498,0.1123938369484007,0.031705516093849084
2023-11-29,0.11135682679449277,0.15521833019333245,0.10506168550850463,0.0501566446848278,0.11552590367948905,0.16875412929828443,0.11668617608066713,0.052067953217617306
2023-12-01,0.10941503552909558,0.14305482603830086,0.10278712829995815,0.04026769773834271,0.11480675868697693,0.16145672522644158,0.11858602933718972,0.04287069588925187
2023-12-04,0.11020807984164928,0.1427414234253871,0.11168962987386852,0.031051793551518565,0.11866102568178839,0.17586642113617298,0.11807433752170862,0.05779208361446437
2023-12-05,0.1157048460611739,0.14458404410021686,0.113862756185795,0.030721287914421858,0.11818770385316771,0.17261423227831635,0.13411604948160313,0.03849818279671321
2023-12-06,0.1179711888287599,0.14882149780352438,0.12250727075479105,0.02631422704873334,0.11982112700916785,0.1717380678384092,0.13262484915003953,0.03911321868836965
2023-12-07,0.11493787868714668,0.14172385547349972,0.12136220180441144,0.020361653669088296,0.1113319151060159,0.16210713988655456,0.1251758203683,0.03693131951825457
2023-12-08,0.10960026289556749,0.136530245410362,0.11648565107150446,0.020044594338857507,0.10373879063151228,0.15842877376311026,0.12139563402590436,0.0370331397372059
2023-12-12,0.1244628773799861,0.13693791132725242,0.12318924778147178,0.013748663545780637,0.11387693874613904,0.18129524948117062,0.13008652538035825,0.05120872410081237
2023-12-13,0.12378189084716569,0.13439902097018194,0.11872467434893773,0.01567434662124421,0.1009145554007501,0.17149701384635385,0.12357047054954227,0.04792654329681158
2023-12-14,0.1184562022215894,0.13990827860631136,0.1265525237600443,0.013355754846267054,0.10802529740294314,0.20763249567402564,0.11852780091014115,0.0891046947638845
2023-12-18,0.13140503812589868,0.15722423430773688,0.13793862703274926,0.019285607274987626,0.1238265200237958,0.18266746734459766,0.13993547704373402,0.04273199030086364
2023-12-19,0.13306771550845015,0.14603166618352503,0.14484829635175434,0.0011833698317706975,0.12437045896629484,0.17894660385911898,0.1410549269694789,0.03789167688964008
2023-12-20,0.1379326735737442,0.13067493254369605,0.1532889418526218,-0.022614009308925733,0.13267929482904345,0.18888861505878018,0.15552503511200325,0.03336357994677692
2023-12-21,0.1344487777656411,0.15431919811792102,0.1394016485799398,0.01491754953798122,0.13390048888262615,0.18578738433501485,0.14267087956253732,0.043116504772477526
2023-12-22,0.13568902263090407,0.15895675000442427,0.13401852424865332,0.024938225755770968,0.13514017759441924,0.18872535455023634,0.1332690086601152,0.05545634589012113
2023-12-27,0.15307384112870412,0.19205301533331695,0.12736955193351523,0.06468346339980172,0.14913410573482414,0.19699582629716098,0.13991486924447688,0.05708095705268411
2023-12-28,0.14708349817446348,0.18144955285056857,0.1289504487235242,0.05249910412704438,0.14275204579056744,0.18681569710374113,0.14476730524928882,0.042048391854452305
2023-12-29,0.14097236977604055,0.16786571989952717,0.13119084671564826,0.03667487318387888,0.13563809586752804,0.17906921367116752,0.14304246960475794,0.03602674406640955
2024-01-01,0.14939185167733374,0.1648520476156351,0.1404636350263739,0.024388412589261183,0.1384699042288645,0.17941030428137164,0.1418794726298897,0.03753083165148194
2024-01-02,0.1441068088445628,0.16030938986251408,0.1387454116104867,0.021563978252027383,0.1356988527835237,0.1738242152028208,0.141586157113665,0.03223805808915576
2024-01-03,0.13857522840989175,0.1574465592168325,0.13602505337590126,0.021421505840931252,0.12970719227997354,0.16345850401975476,0.13885548682443372,0.024603017195321035
2024-01-04,0.13511249266749162,0.15330649648395114,0.13245676345207444,0.02084973303187668,0.11778795927503385,0.15254698976608516,0.12765163075136954,0.024895359014715623
2024-01-05,0.12898309436542402,0.14850470256759182,0.12362731234918593,0.02487739021840588,0.10908201996967187,0.14876187585753264,0.1180237889649198,0.030738086892612846
2024-01-08,0.13474191342496183,0.14669752643683687,0.1344957746487747,0.012201751788062154,0.1280579515208962,0.1669422197266847,0.13716485437866816,0.02977736534801651
2024-01-09,0.13640565535926044,0.15412142220236813,0.13033845768381713,0.023782964518550997,0.12554468596476895,0.17424532049552738,0.13365790411121,0.04058741638431737
2024-01-11,0.13324543587078796,0.1476554723158638,0.12905706759746463,0.01859840471839915,0.12159572295878095,0.15251988289373664,0.13294763005260002,0.019572252841136617
2024-01-15,0.14267812925273085,0.16162653158825968,0.1344790101192732,0.02714752146898647,0.14022153385794592,0.18429534796516503,0.14046786621843413,0.043827481746730915
2024-01-16,0.13794539425858346,0.153218015213489,0.13457665671469998,0.018641358498789007,0.1379279563891975,0.17536729931457426,0.1502368546162184,0.025130444698355854
2024-01-17,0.15327803558904196,0.16461418045926807,0.15518314130736868,0.009431039151899403,0.1659993993802205,0.19439964744206456,0.17289139749126825,0.021508249950796303
2024-01-20,0.141768132517964,0.14010946764259316,0.13987777329108894,0.00023169435150422694,0.14410759169327814,0.17596010811458282,0.15087573563906811,0.02508437247551473
2024-01-24,0.14791551034069994,0.1750229056942661,0.14063317130837202,0.034389734385894065,0.15859427438596865,0.19440354775393917,0.17071360866780186,0.023689939086137306
2024-01-25,0.13773534946736288,0.1499997964907273,0.14105295444161628,0.008946842049111035,0.1499438214876782,0.18802181559053288,0.15791029135315782,0.030111524237375065
2024-01-30,0.1564055222045973,0.17200174958852976,0.1511333768904426,0.020868372698087168,0.1810346893624161,0.2066282338635916,0.18271722260481812,0.023911011258773485
2024-02-01,0.13664578007083647,0.15230879401968986,0.1330464905057999,0.019262303513889974,0.14004294066552786,0.17526284165781547,0.1466194004859016,0.028643441171913864
2024-02-02,0.1388220455272558,0.16171484166523672,0.13126681700093507,0.03044802466430165,0.141313268187764,0.17780585723671408,0.1437009193196342,0.03410493791707988
2024-02-05,0.14676981561460817,0.16684201056723744,0.13841170819477164,0.028430302372465785,0.1509097157393161,0.18396010357625187,0.15731583514615924,0.026644268430092613
2024-02-06,0.14722683063855985,0.1702992556745171,0.13956532008745093,0.030733935587066163,0.1521650547212565,0.18529222662096537,0.14817094479449114,0.03712128182647424
2024-02-07,0.14567854046943218,0.16599616714589885,0.1413074035611649,0.02468876358473395,0.14559866303700986,0.174153953265063,0.14756176870710494,0.026592184557958073
2024-02-08,0.15192396720499265,0.1648810888881774,0.14857867331222818,0.016302415575949206,0.15076474091268044,0.17281374354694012,0.1502574203618252,0.022556323185114913
2024-02-09,0.14256443991511275,0.16387363327197654,0.14056326933862545,0.02331036393335108,0.13907175197017166,0.16580699460358403,0.14353984817124577,0.02226714643233826
2024-02-12,0.15255444917675798,0.1639353330208879,0.1521948554745447,0.011740477546343189,0.1549992833915383,0.18427886402266708,0.15637285201219545,0.02790601201047162
2024-02-13,0.1471124775810341,0.1624451861632934,0.14693359487597224,0.015511591287321158,0.14583730821701227,0.17915202456003027,0.1483769177220577,0.030775106837972594
2024-02-14,0.14712434766491472,0.1611752340034687,0.13769309619020895,0.02348213781325976,0.14193113855774916,0.17767831349148594,0.14483251343961914,0.032845800051866804
2024-02-15,0.14347639078666438,0.16168948298347832,0.14095223087375505,0.020737252109723263,0.1388941225181004,0.17811009071583506,0.14129908143548775,0.03681100928034731
2024-02-16,0.14700826481981072,0.11556936615999192,0.1339632643129615,-0.01839389815296956,0.14017410998096083,0.18114898947868965,0.1382466605460609,0.04290232893262872
2024-02-19,0.1538714129683766,0.1619466522149445,0.14530361900905037,0.016643033205894157,0.1535375842755856,0.19052690924888843,0.1466155177454484,0.04391139150344005
2024-02-20,0.143681167645119,0.1670404177142215,0.1480474867685686,0.01899293094565291,0.15101091984375667,0.18276455575161535,0.14584704131920745,0.03691751443240791
2024-02-21,0.15353276521419276,0.16391071382808065,0.14174698233020372,0.022163731497876933,0.1498590809307245,0.1777648317888621,0.1456493544963998,0.0321154772924623
2024-02-22,0.1429212626856048,0.16151784120963905,0.134171453974321,0.027346387235318063,0.142331970634236,0.1755133714008661,0.13722393298161784,0.038289438419248256
2024-02-23,0.13982647371338286,0.159265917157156,0.13334996301794444,0.02591595413921155,0.1387173622499734,0.1702512401434533,0.13412426399818886,0.03612697614526444
2024-02-26,0.1472554968124394,0.17192113713994184,0.13395675958593328,0.03796437755400855,0.1529889537512269,0.18581168754653074,0.1477787771154913,0.038032910431039416
2024-02-28,0.15262953272509444,0.17233166357499233,0.14127465767073497,0.031057005904257355,0.15665462174408198,0.1967204944020742,0.15282774747953454,0.043892746922539666
2024-02-29,0.1437888247692858,0.1618443757882293,0.1404941479898786,0.0213502277983507,0.14377491751988214,0.17114753126245041,0.144186408854587,0.026961122407863414
2024-03-01,0.14146689385199626,0.16068263183450693,0.13263003855515457,0.028052593279352372,0.13869123334483352,0.17387749313464645,0.1299648613732462,0.043912631761400256
2024-03-04,0.14183571173007303,0.1610842185381924,0.13268189041388784,0.028402328124304557,0.13755631946471986,0.17027830660941592,0.13640185884213402,0.0338764477672819
2024-03-05,0.13441557087618033,0.15157268649766742,0.1302214347483419,0.021351251749325506,0.12700773163508355,0.1618489039581133,0.13061110451112842,0.031237799446984887
2024-03-06,0.13947698722525187,0.1532145081338506,0.12826336759490492,0.024951140538945666,0.1293097594480123,0.16357897842036198,0.1292515658037338,0.034327412616628195
2024-03-11,0.1422199128424386,0.14584685999242497,0.13741782088959775,0.008429039102827218,0.13186852488872652,0.17326882458679396,0.13529553009712508,0.03797329448966887
2024-03-12,0.13456403911366654,0.1353723825471124,0.13509931739559194,0.00027306515152044253,0.1305570438944475,0.17344436643254418,0.13238743535621644,0.041056931076327734
2024-03-14,0.135340714174822,0.13227466372527488,0.1360063037612413,-0.0037316400359664213,0.13063885577437595,0.18549191523507957,0.13420846882346282,0.05128344641161675
2024-03-15,0.1344207543311451,0.10618089407985942,0.13828648831265244,-0.03210559423279302,0.132812828163861,0.1794121352117939,0.13718837167554124,0.042223763536252665
2024-03-19,0.13944965165342266,0.13865687974532714,0.14110485561408836,-0.0024479758687612208,0.14258248794867615,0.17093036370935114,0.14730345983859916,0.023626903870751982
2024-03-20,0.1324988945190161,0.1431484522561847,0.1260706215864516,0.01707783066973307,0.13403841619156318,0.16764337550086872,0.14046403383120853,0.027179341669660215
2024-03-21,0.12736092956947004,0.12970968164991126,0.12568532486577164,0.004024356784139647,0.12247915237969505,0.16095630727047627,0.13174845582739536,0.029207851443080912
2024-03-22,0.12461408250656549,0.14337181312246042,0.11736291610298226,0.026008897019478158,0.11999400921236394,0.19003749211525398,0.1246335067984042,0.06540398531684977
2024-03-26,0.1337818562979707,0.17864625616013718,0.12125376960860912,0.057392486551528066,0.13814832723891243,0.16309500371128277,0.14356211850119127,0.019532885210091486
2024-03-27,0.13041389435558734,0.16283721337980298,0.12045321113090966,0.0423840022488933,0.1304916980152614,0.1556282043887265,0.1345510649269368,0.021077139461789685
2024-03-28,0.12717197313733522,0.15485443186621356,0.12091651058132588,0.03393792128488769,0.11531056333762772,0.18300885150328972,0.12646173487543733,0.05654711662785239
2024-04-01,0.12259395767882769,0.1393747725488164,0.12001898132023697,0.019355791228579427,0.11960541459800028,0.16015668245910608,0.12662697576182114,0.033529706697284944
2024-04-02,0.12085374046973195,0.13102119397520573,0.12095839584899881,0.010062798126206918,0.11449292613997968,0.15131693177416183,0.12529851278587412,0.026018418988287717
2024-04-03,0.11516858873084924,0.13064674814262428,0.1179180871084374,0.01272866103418689,0.11082896668022246,0.14722020719956763,0.12236156269023146,0.02485864450933617
2024-04-05,0.11772981332999816,0.13586850302387546,0.1117064275939506,0.024162075429924847,0.10650463869779193,0.14482307185140517,0.11277765692385776,0.03204541492754741
2024-04-08,0.12048155219478035,0.13404738893983253,0.11688021839982035,0.01716717054001217,0.11438002463896353,0.16218941943138532,0.11598396073496227,0.046205458696423056
2024-04-09,0.11273596302002739,0.13401234636839732,0.11834835112832298,0.015663995240074335,0.10979526171386061,0.16728560938459097,0.11718937176428287,0.05009623762030811
2024-04-10,0.11583509181457977,0.13617498010603132,0.11428743832528118,0.021887541780750135,0.10335097102688799,0.14856689307779394,0.11354039170531952,0.03502650137247443
2024-04-15,0.12300334375024204,0.11963802549206891,0.12857193923302443,-0.008933913740955517,0.13159527126461776,0.18175254611548372,0.13873813349567346,0.04301441261981027
2024-04-16,0.1373800880762884,0.138608011597666,0.13407122523652015,0.00453678636114585,0.12674304132831254,0.17380318044039175,0.13624621172441614,0.037556968715975615
2024-04-18,0.13666850643185463,0.1475132738622856,0.1328883068087059,0.014624967053579725,0.13799809292791665,0.1803753637514145,0.14138727509466875,0.038988088656745745
2024-04-19,0.13545203784659215,0.16207189857269744,0.12448872706455075,0.03758317150814668,0.13619461768628274,0.19077717332308453,0.13189840070436176,0.05887877261872276
2024-04-22,0.12871735214926122,0.15092423824592505,0.116740785325008,0.03418345292091704,0.12721062387592685,0.1785576547421098,0.1326973996392741,0.04586025510283572
2024-04-23,0.1213841547188294,0.14745197628943796,0.11273739643302028,0.03471457985641768,0.12162306185593762,0.16976473598482908,0.12749885279198278,0.042265883192846285
2024-04-24,0.11989537415745251,0.1449982977250708,0.1140955004107679,0.030902797314302916,0.11552563083034922,0.16338757045730545,0.12260748752631098,0.04078008293099446
2024-04-26,0.12069894752635837,0.14217795857299187,0.11538169657467076,0.02679626199832111,0.12036698483040241,0.15779747863807994,0.1287658339515309,0.02903164468654903
2024-04-29,0.12103128067435817,0.14765283694430437,0.11016763391471532,0.037485203029589034,0.12114278276247695,0.16616930398760157,0.12603717357968489,0.04013213040791668
2024-04-30,0.12388486264861534,0.1525816074241515,0.10959229670414494,0.04298931072000656,0.12090786911120414,0.16643346196922085,0.1268491414927634,0.039584320476457435
2024-05-03,0.1550086455809071,0.1749838029942283,0.14945440904473728,0.025529393949491004,0.12445286199751168,0.15736904954882952,0.13320252217533377,0.024166527373495734
2024-05-06,0.192450741508235,0.2038811239727637,0.18230662079244364,0.021574503180320087,0.13866022919091753,0.18221439080212878,0.13858262167481833,0.043631769127310455
2024-05-07,0.20300565541250284,0.20327844000812212,0.1906536966237915,0.012624743384330617,0.14059870153527826,0.17805034033819794,0.1464634312041169,0.031586909134081055
2024-05-08,0.1986328429780531,0.22044196923881504,0.19087069722516606,0.029571272013648984,0.1339968909642524,0.16910385861981528,0.13866993884303877,0.030433919776776515
2024-05-09,0.20861006170472368,0.23154395383440893,0.19905265939498426,0.03249129443942467,0.14294269245502256,0.16918294951419455,0.14878671926663856,0.02039623024755599
2024-05-13,0.23320871258089698,0.21659016815424373,0.21750053980011103,-0.0009103716458672834,0.13992864918186304,0.19404193885946341,0.14621880095424164,0.04782313790522176
2024-05-14,0.22457505190250285,0.21793086154765895,0.21579002606314557,0.0021408354845133815,0.1355103509718978,0.19104488647136922,0.14012974342365933,0.05091514304770988
2024-05-15,0.22209261598794272,0.2168546595918924,0.19959920879624035,0.017255450795652067,0.13515821256509974,0.1866602907498824,0.13841686496221076,0.048243425787671664
2024-05-17,0.20227753301507706,0.2229159455329865,0.18933689822543506,0.033579047307551436,0.13494175727538457,0.17843473649098826,0.14155831782099287,0.03687641866999541
2024-05-21,0.21060499328906365,0.3095158052143656,0.18770016430238634,0.12181564091197927,0.21052859914684402,0.2604867077547608,0.2026096818634327,0.057877025891328086
2024-05-22,0.20630644945947063,0.2069827393298635,0.19820624117971677,0.00877649815014671,0.21893509946852538,0.28459089419203465,0.20504320350477354,0.0795476906872611
2024-05-23,0.19999540740834465,0.21096687986019239,0.1898968689273155,0.021070010932876873,0.23182799660621123,0.2881875158790477,0.20947267004961567,0.078714845829432
2024-05-24,0.20189651200373157,0.23955982894880595,0.19037393408372788,0.04918589486507807,0.23747438376538865,0.2961161667494839,0.19900930315280954,0.09710686359667431
2024-05-27,0.21237697241207681,0.2529187091444307,0.19369100641113413,0.05922770273329662,0.26292507570757206,0.3392326146651706,0.23879455429768978,0.10043806036748076
2024-05-28,0.2204430133092182,0.25432490744241143,0.1995927043939174,0.05473220304849402,0.2788934779102829,0.33799342193485316,0.255640637287693,0.08235278464716014
2024-05-29,0.2253587662805101,0.25803698332393404,0.20232856831039633,0.0557084150135377,0.28573884154868817,0.3515758970046772,0.259535255191326,0.0920406418133512
2024-05-30,0.22036007777772368,0.26635889889362907,0.2133238657736485,0.05303503311998054,0.28609205938999693,0.3490228862186271,0.25078152741488324,0.09824135880374385
2024-05-31,0.22662871997530468,0.42412205468192404,0.23005854419166027,0.19406351049026377,0.29108599895236964,0.35589731004115827,0.25285212213540287,0.10304518790575543
2024-06-03,0.1979189041507833,0.2085303514188538,0.22642987699823827,-0.01789952557938447,0.24294495036462377,0.2922052568582118,0.24379683556347054,0.048408421294741294
2024-06-04,0.23632709081443098,0.015363652054906751,0.23766786940743856,-0.2223042173525318,0.3204469078023237,0.36057508042237785,0.3177931688655932,0.04278191155678458
2024-06-05,0.1351991093114352,0.23285826225880252,0.15753230073463018,0.07532596152417236,0.2038451433298457,0.23299792331308364,0.2168045680635622,0.01619335524952145
2024-06-10,0.15440014739698707,0.18689272983387983,0.14868145854034978,0.03821127129353005,0.16056573467197138,0.19300185613481854,0.1745946946209924,0.018407161513826154
2024-06-11,0.14713497362336075,0.18765952471112168,0.13633907938164302,0.05132044532947866,0.13630645102033348,0.1906240494357664,0.13810042632012756,0.05252362311563884
2024-06-12,0.14501344922954706,0.17018683342890656,0.13486213965983757,0.03532469376906899,0.1301592297235469,0.16473161794897528,0.1405884692114956,0.02414314873747969
2024-06-18,0.12915565284877356,0.16626072521681756,0.11601895747798885,0.05024176773882871,0.11455785926185474,0.15790711433785937,0.1232261270952057,0.03468098724265367
2024-06-19,0.13177408717390782,0.1564657927229833,0.12353093674994728,0.032934855973036026,0.11974585852582205,0.16599306400522096,0.13257011132888838,0.03342295267633258
2024-06-20,0.12743185237783006,0.15501918195188732,0.11991721735779796,0.035101964594089353,0.11704130293084741,0.1567111349633752,0.11939552478954596,0.03731561017382923
2024-06-21,0.12487087064041441,0.15188356085181973,0.11498891022119244,0.036894650630627294,0.11499208830241822,0.1506035702037689,0.1291811144849693,0.021422455718799607
2024-06-24,0.13602399978273885,0.166183612956198,0.11732974866130874,0.04885386429488925,0.12861652011600447,0.1701430460621532,0.13142984063631807,0.03871320542583513
2024-06-25,0.13839666122972816,0.16614547625323794,0.12065302090938346,0.04549245534385449,0.1316208694721684,0.17997397424401754,0.12354705185322525,0.05642692239079228
2024-06-26,0.13547483401550342,0.1627225441571191,0.11883867035458096,0.04388387380253812,0.13003537710504345,0.17160348620098503,0.12651024750309578,0.04509323869788925
2024-06-27,0.1331110594678024,0.1594335178777174,0.12478708907652081,0.0346464288011966,0.12666175582902414,0.167182546710551,0.1234084656045411,0.04377408110600989
2024-06-28,0.13390110954100268,0.16607328460000753,0.12047230380706425,0.045600980792943294,0.12655679084601584,0.17203958322348548,0.1268227417643759,0.04521684145910955
2024-07-02,0.1334026394085127,0.15964835873033945,0.1280034649591233,0.031644893771216154,0.1276580876052621,0.1658183351775183,0.12879427836246624,0.03702405681505207
2024-07-04,0.12393991062845222,0.15140609149498857,0.12072706237882204,0.03067902911616652,0.10577253777466694,0.14408480245981714,0.11804073033370344,0.026044072126113704
2024-07-05,0.12439362736889774,0.1511090012483324,0.11726135189058792,0.03384764935774447,0.10197036923546264,0.14181320159466346,0.11482956479824681,0.026983636796416657
2024-07-08,0.13519210680316102,0.1593545810973558,0.12707317084848693,0.03228141024886888,0.12110453084817437,0.16016151988877678,0.12731350853506385,0.032848011353712944
2024-07-10,0.1410430055164779,0.16209042156382147,0.13816036823804734,0.023930053325774154,0.1368999151546489,0.16765034556866404,0.1460258085340525,0.021624537034611535
2024-07-11,0.13973282825531338,0.16073901125994491,0.13662145416207508,0.024117557097869852,0.13887516575102085,0.17824553325174453,0.13390759473923097,0.04433793851251355
2024-07-12,0.13346146520182514,0.16111831128710996,0.12802009013277393,0.03309822115433603,0.13364902217591165,0.17274746142884695,0.13239362074877534,0.040353840680071605
2024-07-16,0.1408589853958628,0.16311465983393936,0.13183111064236194,0.03128354919157742,0.148534340058859,0.1817410457211198,0.14118750008125236,0.04055354563986745
2024-07-18,0.14101858381226456,0.16694715036048047,0.12804048955834074,0.03890666080213974,0.15056587031434945,0.18783962571238355,0.14269099624354897,0.04514862946883458
2024-07-19,0.14658647592759316,0.17402170421304897,0.1437957648397563,0.030225939373292654,0.1594026986755099,0.1879000097805655,0.16454896426866217,0.02335104551190335
2024-07-22,0.14854365419205542,0.17663894541595937,0.14254949883044732,0.03408944658551205,0.16627651859857817,0.20666093463058566,0.16956888848434762,0.03709204614623803
2024-07-23,0.12786657290971803,0.15980642780608623,0.12889254259577854,0.03091388521030769,0.12758394886924476,0.17014457317520432,0.1470364895249777,0.02310808365022662
2024-07-24,0.11878687191699283,0.14402301657752029,0.11620163499491591,0.02782138158260437,0.11879552973501449,0.15665069912186574,0.1333874819467863,0.023263217175079478
2024-07-25,0.12261536829433764,0.14633149580938273,0.11905250854497444,0.0272789872644083,0.11599226426656101,0.1510725835953366,0.12840214121562,0.022670442379716604
2024-07-26,0.11802481803984369,0.14485479560771072,0.11067011948753251,0.03418467612017822,0.11092685622155005,0.1535875544492152,0.11854229331219024,0.03504526113702496
2024-07-30,0.1188769083839868,0.14163884959475315,0.11198757027788453,0.029651279316868617,0.11749458838333057,0.15986007902328966,0.12946462352988033,0.03039545549340931
2024-07-31,0.12233703320810406,0.14687216121510974,0.11191163063183769,0.03496053058327204,0.1219866471675329,0.16038992437567678,0.12641532753671392,0.03397459683896287
2024-08-01,0.11576728633924513,0.14174132278427268,0.11503444292467904,0.026706879859593618,0.11307224577982758,0.1534285839949242,0.11966690418464598,0.03376167981027822
2024-08-02,0.12545686109275184,0.16315765508458874,0.11872192223454853,0.04443573285004021,0.12430652831411752,0.16675760216403623,0.13586780202069537,0.030889800143340862
2024-08-05,0.1813819156690601,0.23961351802537273,0.16098864329589777,0.07862487472947498,0.199933661841151,0.266514331709347,0.1819426769701984,0.08457165473914863
2024-08-06,0.17017188073086637,0.20885176446062736,0.15674546939915412,0.05210629506147324,0.1775837450617399,0.23389216449772476,0.1685786851922222,0.06531347930550258
2024-08-07,0.14361297225889333,0.18661466108292557,0.13310568899845418,0.05350897208447139,0.14396330121246115,0.19307994440418463,0.1449428017437857,0.048137142660398924
2024-08-09,0.13484358083181522,0.1656158649708336,0.12783324563898235,0.037782619331851244,0.13081228469853684,0.17257301159451618,0.1345195513980295,0.038053460196486685
2024-08-12,0.13038554261361754,0.17219677657960464,0.12736819866579324,0.0448285779138114,0.13522738615996477,0.17951348491348412,0.14395469271329983,0.035558792200184285
2024-08-13,0.14366939177100602,0.1750379262313868,0.13188769160183833,0.04315023462954848,0.144122786639962,0.18211545567239895,0.15299812548021816,0.0291173301921808
2024-08-14,0.1355351628760721,0.16959556364737313,0.12815516895885035,0.04144039468852277,0.13169691669742684,0.16828192873729364,0.14114992940308216,0.027131999334211496
2024-08-16,0.12857401496302226,0.15629762969328181,0.1115755634014996,0.044722066291782214,0.11572488742875295,0.16408832125090989,0.12420957602477094,0.03987874522613894
2024-08-19,0.12647178761950617,0.1620302994168039,0.12316932962627762,0.038860969790526285,0.1188393239375162,0.1648021443829545,0.1304613136256221,0.034340830757332394
2024-08-20,0.12053195906065906,0.15300703440601593,0.10748967552860655,0.045517358877409375,0.11240518547048578,0.16097534877430267,0.12417779133234193,0.036797557441960754
2024-08-21,0.1176193759609164,0.14807913689939906,0.10512060809430235,0.042958528805096714,0.10988160663103139,0.15490265903119851,0.11912670291607595,0.035775956115122555
2024-08-23,0.12154185434926246,0.14801512381512133,0.11001263327531648,0.03800249053980487,0.11191415167834264,0.15705075560549694,0.11791006215521005,0.03914069345028689
2024-08-26,0.12366342874536757,0.15908931740013138,0.10736887304758293,0.05172044435254846,0.11640184392807959,0.16993687201471883,0.11507543920675697,0.054861432807961866
2024-08-27,0.12045940986560985,0.15131818071264203,0.10787486345803554,0.043443317254606484,0.11201025006028371,0.15881688863365614,0.11644117876503124,0.04237570986862492
2024-08-28,0.12132865864235119,0.15576934021951702,0.10798389276199849,0.047785447457518525,0.10949548080985816,0.15639066688192294,0.11449388318572115,0.04189678369620177
2024-08-29,0.1199715374755339,0.15215590552126126,0.1096960833243692,0.04245982219689205,0.10759482606159634,0.15087157759292147,0.10456321437251326,0.04630836322040821
2024-08-30,0.12083936427801509,0.15688080425399845,0.10777266909055884,0.049108135163439606,0.10435852801869004,0.15407280511046753,0.10731330160062745,0.046759503509840074
2024-09-03,0.1276737238484879,0.15986139453830628,0.11147727348785663,0.04838412105044965,0.11128455984685333,0.15627201328614707,0.11688240797036771,0.03938960531577936
2024-09-04,0.1341742100921253,0.16675771708962026,0.11637158907815821,0.05038612801146204,0.1166743280323452,0.1634132885328857,0.12160707706216657,0.04180621147071914
2024-09-05,0.1342715214491616,0.16386280324540212,0.11924996931520838,0.044612833930193725,0.11553922597658631,0.15787769072239044,0.11852148759390779,0.03935620312848265
2024-09-06,0.1451129439071764,0.17002523141246156,0.12973866149462385,0.04028656991783773,0.13347264821576751,0.17656509065131992,0.13445399723272544,0.04211109341859449
2024-09-09,0.1386939612924118,0.16899441378089491,0.12576342930754184,0.043230984473353065,0.13075505014006789,0.17270527150159584,0.13640252641747277,0.03630274508412309
2024-09-10,0.13154952589281735,0.15802634317853137,0.1203561462052769,0.037670196973254466,0.12006970348650296,0.16631029156480004,0.1266352760991088,0.03967501546569124
2024-09-11,0.1310391506110467,0.159826246294838,0.12274695635885348,0.03707928993598452,0.12597883688388514,0.1662270464393925,0.13851937903497205,0.02770766740442048
2024-09-12,0.12272802998782856,0.15821009996563382,0.10317497166900927,0.05503512829662454,0.11818338301443469,0.16264479234006757,0.1432863171422465,0.01935847519782108
2024-09-17,0.12104668975349075,0.1517867498106229,0.11474638934455506,0.037040360466067845,0.11936959482520125,0.17008477329471156,0.12274500892922648,0.047339764365485086
2024-09-18,0.1281926658032295,0.16349522163458488,0.11726475059798062,0.046230471036604256,0.12874863505991435,0.17922292062335415,0.13147387803864038,0.04774904258471377
2024-09-19,0.1216524007998433,0.1530141887308747,0.11227183065986976,0.04074235807100494,0.11569785250158166,0.16981366792978747,0.11804622115124097,0.0517674467785465
2024-09-20,0.13124785673772715,0.1626575533422032,0.11028023460493268,0.0523773187372705,0.10826357638336309,0.16495339627394884,0.10285035430389389,0.062103041970054944
2024-09-23,0.13213715638089207,0.16650688235464514,0.11334300181651409,0.05316388053813105,0.12411344545573827,0.17595555212410144,0.12922240221900314,0.04673314990509831
2024-09-24,0.12761029898142534,0.1592775554338779,0.11428256374970047,0.04499499168417742,0.12206800573956603,0.175960056854489,0.1210172300004818,0.05494282685400721
2024-09-25,0.12078689696098896,0.1527038945660276,0.10888352283005277,0.04382037173597483,0.11518448942965454,0.1593020898197867,0.12143515980654637,0.03786693001324031
2024-09-26,0.1118482220060034,0.14370135322949373,0.10275236963737797,0.040948983592115774,0.1085642982961309,0.15617914896871277,0.11688294529584731,0.03929620367286546
2024-09-27,0.11235752072443198,0.14878323561067067,0.0986552172333999,0.05012801837727077,0.10703155749081328,0.1612267049871868,0.11376875850984902,0.047457946477337795
2024-10-01,0.11444088649377805,0.14770506189594101,0.10153225620853323,0.04617280568740778,0.10801508527036308,0.15359122851577922,0.12557425779012124,0.02801697072565799
2024-10-03,0.12935693073967997,0.16475666767687036,0.12116738626950063,0.04358928140736973,0.1313228751890084,0.17264014454789667,0.1408530728328934,0.03178707171500328
2024-10-04,0.13274725120554823,0.16347140091221998,0.1300669116995184,0.033404489212701574,0.13876107205766453,0.1974326482103544,0.14045815548721688,0.05697449272313752
2024-10-07,0.14093185188634366,0.15682847530860147,0.14280709870727243,0.014021376601329044,0.1557262911625661,0.20574672410886105,0.15949167697245745,0.046255047136403604
2024-10-08,0.14336862720678434,0.1700830794042787,0.13702295938455045,0.033060120019728245,0.14100182657544053,0.19483056067047752,0.1502655730363013,0.04456498763417623
2024-10-15,0.1314924144076164,0.15364234568916046,0.12748993593862235,0.02615240975053812,0.11609399177043231,0.15559047274258628,0.13099547037415427,0.02459500236843201
2024-10-18,0.13503515727271206,0.13090109014967208,0.1322012822388347,-0.0013001920891626273,0.11550551571418267,0.16659197769751696,0.13103629639840872,0.035555681299108244
2024-10-22,0.1455074672063397,0.16590951014297017,0.1416494192016775,0.024260090941292667,0.14328164365804433,0.185601912077407,0.1463340529637751,0.03926785911363189
2024-10-24,0.14005534727518956,0.1656892690755026,0.12863512261872348,0.03705414645677913,0.1329727081069007,0.17666041566348412,0.13509639001949125,0.041564025643992863
2024-10-25,0.1460298008323409,0.18278622478764525,0.13254974442193504,0.050236480365710205,0.13823100383647433,0.18114125080611437,0.14635571612875836,0.03478553467735601
2024-10-28,0.1399969808322443,0.1759667516334177,0.12624896659232895,0.04971778504108875,0.14012883624703765,0.18678181729961427,0.14344216961584952,0.043339647683764734
2024-10-29,0.1431295241914263,0.1779005334467394,0.1269389844110247,0.050961549035714704,0.14418300435698006,0.18434961349425194,0.14380554959326983,0.0405440639009821
2024-10-30,0.15254403772331662,0.18167914631862955,0.13771014018116118,0.04396900613746836,0.15616833440179376,0.1905982659020771,0.1533543019142089,0.03724396398786821
2024-11-01,0.15256419657380876,0.18019723240695237,0.13991229091761495,0.04028494148933743,0.15331159081789633,0.18634211876269977,0.15082005026433518,0.03552206849836459
2024-11-04,0.16256892382528426,0.18056142620851062,0.15218299002646166,0.02837843618204897,0.17067091957100494,0.21017151629083738,0.16817884802372746,0.041992668267109935
2024-11-05,0.1552016627722113,0.18095948387950855,0.14187703347830816,0.0390824504012004,0.15769831170125354,0.19933066295289617,0.1589680994483706,0.04036256350452559
2024-11-06,0.13898483226812985,0.16353570468154652,0.13493396114992406,0.028601743531622443,0.13343034495946762,0.17455627794405387,0.1423599970504288,0.03219628089362508
2024-11-08,0.13872222902627088,0.16926774676436906,0.13235849404152958,0.0369092527228395,0.11998773978748785,0.15983218947973502,0.13502695465574174,0.024805234823993265
2024-11-22,0.13781296407514307,0.1746275549278569,0.12712757690701576,0.04749997802084113,0.14380950658409467,0.18807758401597421,0.14559044474659583,0.04248713926937838
2024-11-25,0.13641024416600667,0.17057000696925748,0.1273648730565466,0.04320513391271089,0.1406724222290385,0.1938842599899593,0.14427863407864042,0.049605625911318896
2024-11-26,0.135313882027283,0.16693860296966356,0.12682512885526176,0.040113474114401804,0.13514522103446858,0.1836457285519175,0.13676335120421346,0.04688237734770403
2024-11-27,0.1317923404929803,0.15832587925540134,0.1240724626618093,0.03425341659359203,0.1283386698163695,0.17254198042984673,0.12893181019332087,0.04361017023652585
2024-11-28,0.1413812000410618,0.15826823566721646,0.13547049922122092,0.022797736445995538,0.14305971450398766,0.1723449618481938,0.1461437647279773,0.026201197120216513
2024-11-29,0.13626242704641658,0.16217297510725784,0.12758980931105066,0.034583165796207176,0.1304877648173532,0.16884967676191362,0.12913002739921925,0.03971964936269438
2024-12-09,0.1466134110190222,0.14738323936615583,0.13844526596982934,0.008937973396326498,0.14445886476506314,0.17719925102242431,0.14858870454352185,0.02861054647890247
2024-12-12,0.13574454659751498,0.12677054113307576,0.1317905178859557,-0.005019976752879954,0.12969559348530155,0.17524156722163298,0.14157150880615355,0.03367005841547943
2024-12-18,0.14280767944142636,0.13522724589157575,0.1500871628283571,-0.014859916936781363,0.1446999006194472,0.17306424421821756,0.16259024341343523,0.010474000804782335
2024-12-19,0.1487652170117734,0.14755301205431692,0.15196876095427406,-0.004415748899957122,0.15191839772421833,0.17194188697385382,0.16208007567018434,0.009861811303669477
2024-12-23,0.13614735967016756,0.15144532418929632,0.14127405063736237,0.010171273551933955,0.13561562589129847,0.1754051154990088,0.14754305108060858,0.027862064418400223
2024-12-24,0.12418099076290195,0.144093063140593,0.12618431394670804,0.017908749193884965,0.12630211856112897,0.16931129527277022,0.14023270543752428,0.029078589835245947
2024-12-26,0.14035297060780857,0.15549056774128425,0.13131652236143004,0.024174045379854205,0.13986361185176827,0.1694816472305014,0.1429873592818076,0.026494287948693795
2024-12-27,0.13400043715573284,0.15198167322170836,0.12437287827635288,0.027608794945355494,0.12699358030398394,0.1647485931392904,0.13182539453381562,0.0329231986054748
2024-12-30,0.14074143769806025,0.15877579548149612,0.131163019809126,0.027612775672370114,0.14077126489649752,0.16696471176510766,0.1441371688939321,0.02282754287117556
2024-12-31,0.14386893070246937,0.16405818063071553,0.13223065470961526,0.031827525921100275,0.15007274506767876,0.18368375434001522,0.15112138815564677,0.03256236618436846
2025-01-01,0.1452823344495171,0.16358793158665408,0.13587553359641583,0.02771239799023825,0.1533973894561936,0.17795761558704015,0.15423794926953655,0.0237196663175036
2025-01-02,0.13425729099216818,0.15432621452168285,0.12339120228090371,0.03093501224077915,0.13515779310429915,0.1673922228253364,0.13692004981794703,0.030472173007389358
2025-01-03,0.14036564727771966,0.14956857687408956,0.13251247082605414,0.017056106048035424,0.13140158930413695,0.15476555804236478,0.13761471397967615,0.01715084406268863
2025-01-06,0.17324239958013543,0.18491881362177318,0.164488334971592,0.020430478650181168,0.1727125157949017,0.19827322451920562,0.1678555264017579,0.030417698117447704
2025-01-07,0.16667422247174074,0.18399055785734264,0.1541228710425322,0.029867686814810446,0.14875139856050723,0.17773182016273964,0.14939961148716424,0.028332208675575413
2025-01-08,0.1614493540932035,0.17656388808919413,0.15289523242490427,0.023668655664289856,0.13966463034440532,0.16674159554777088,0.14425839987512873,0.02248319567264215
2025-01-09,0.16390566569578005,0.1748704700965415,0.15481101890022927,0.0200594511963122,0.14143629215980952,0.16652188425508463,0.14381164310190542,0.02271024115317921
2025-01-10,0.16528241544778255,0.17507892618262738,0.15714642487522654,0.017932501307400858,0.14091685386420014,0.1713467011059374,0.14895961393184745,0.022387087174089944
2025-01-13,0.17459196845704303,0.1840145622460475,0.1682617776573687,0.01575278458867884,0.15686394683417848,0.1973147833168754,0.15927259826922274,0.038042185047652666
2025-01-14,0.1663505529880896,0.17712948349965268,0.16789618148098417,0.00923330201866851,0.14384937419749527,0.18308269705490612,0.15148872911331526,0.03159396794159086
2025-01-15,0.1636222687962342,0.18046083975628774,0.1545490452672456,0.025911794489042128,0.13766445162694776,0.17265851129673035,0.14679130435625126,0.02586720694047909
2025-01-16,0.164387095864603,0.1789067257635499,0.1598558449703033,0.019050880793246603,0.14336690344862052,0.17521306316329266,0.1488294726001822,0.02638359056311046
2025-01-17,0.16979969605700965,0.188591611164235,0.20020866380726027,-0.01161705264302526,0.14764348403515842,0.18413079927268328,0.1514098187464823,0.03272098052620098
2025-01-20,0.17189343019053058,0.17264543568140972,0.17263719658507798,8.23909633172748e-06,0.17161617468490703,0.2068523653824142,0.1750400606253891,0.03181230475702509
2025-01-21,0.1818216599326694,0.17324101181956775,0.17607438017516008,-0.002833368355592336,0.18788509615570503,0.22012602453504762,0.18666587651601382,0.033460148019033804
2025-01-22,0.17510219612066732,0.18553681075639009,0.16993017189492285,0.01560663886146723,0.1837246099678101,0.2129221991338492,0.18516712784038397,0.027755071293465203
2025-01-23,0.17242710071377765,0.18083096239346283,0.1666587046396816,0.014172257753781217,0.18989088463133746,0.21800523842658315,0.1855960779821597,0.032409160444423435
2025-01-24,0.17344773232032853,0.1867003563182902,0.1641667035397639,0.02253365277852629,0.18948140694637522,0.20951246242985785,0.1866526943163111,0.02285976811354676
2025-01-27,0.18484369122768624,0.2075483796512465,0.16891598787592876,0.03863239177531774,0.20915706168341447,0.23241665511419907,0.20325509505403655,0.029161560060162524
2025-01-28,0.18493662252970933,0.20354814868230786,0.1695090560812309,0.03403909260107696,0.21059586597296653,0.2292170432941129,0.20713766460659913,0.022079378687513782
2025-01-29,0.18806409421208933,0.1961741783747573,0.17215050130278645,0.02402367707197087,0.21863613083088979,0.23847602032795118,0.2059947099100038,0.03248131041794736
2025-01-30,0.17517736855474353,0.19491189529851136,0.16103349556523508,0.03387839973327627,0.2039224097350875,0.2268361044598124,0.1942160285210912,0.03262007593872118
2025-01-31,0.1580692612239404,0.17825830100173468,0.1462611151309492,0.03199718587078548,0.17683653450094133,0.21234443442464362,0.16804672160420178,0.04429771282044185
2025-02-01,0.1352428081153214,0.15889908969725372,0.12742617104104056,0.03147291865621314,0.13719356615080294,0.17145459110378905,0.14590720271998364,0.02554738838380542
2025-02-03,0.1414831360360078,0.16104439771260928,0.1316497920236366,0.029394605688972675,0.14233560490277317,0.17111745474180776,0.14431134867428191,0.026806106067525856
2025-02-05,0.1352786599341359,0.15568766895142214,0.1284832681745805,0.027204400776841636,0.13528962532955402,0.16475115987404695,0.13865977152905806,0.026091388344988888
2025-02-06,0.1375410260673671,0.15637206933088482,0.12978469496902972,0.02658737436185509,0.13818255868480733,0.16524638730990304,0.1380887105481472,0.027157676761755845
2025-02-07,0.12786668828335132,0.15132149550340682,0.12326904914622874,0.028052446357178074,0.12770694133361918,0.1562666678240307,0.13711603944583647,0.019150628378194208
2025-02-10,0.14026886054747884,0.15545925119401108,0.132504047444519,0.022955203749492066,0.14056382801367814,0.16702502620664486,0.14605019940783542,0.020974826798809434
2025-02-11,0.1396778249091043,0.1513193444827401,0.14079066787280725,0.010528676609932841,0.1449152955059754,0.17176311686873216,0.1492746154979552,0.02248850137077696
2025-02-12,0.1433099753753931,0.15412824862377147,0.14442609980043253,0.009702148823338958,0.1406926235402375,0.1745424577282392,0.1457889098786294,0.02875354784960977
2025-02-13,0.13998835708496224,0.15290738278918983,0.13968589588525862,0.013221486903931228,0.1380730556487485,0.17541291903055622,0.1411832031944673,0.034229715836088914
2025-02-14,0.14210027456417318,0.15665983376830894,0.13975771715440702,0.016902116613901935,0.13871298592851247,0.17004108785556923,0.14597885814833944,0.024062229707229803
2025-02-17,0.15197096131449386,0.16058200289696117,0.1455937933163162,0.014988209580645,0.1541581153426948,0.18196714723779575,0.15598260414083778,0.025984543096957982
2025-02-18,0.15074559488256806,0.1655731549288686,0.1419727594069955,0.023600395521873097,0.14921391254663216,0.17654806559508643,0.1534753270195449,0.023072738575541533
2025-02-19,0.14412519421968803,0.16296624928855952,0.13891534075246195,0.02405090853609756,0.14468584247078767,0.16973906111250286,0.14669339633407244,0.02304566477843041
2025-02-20,0.13995486282267827,0.1552155047972334,0.13426518419179656,0.020950320605436827,0.1365158249568339,0.1617371047963463,0.13973805330486488,0.021999051491481403
2025-02-21,0.1396099267840938,0.15732049108317728,0.13073931583085102,0.026581175252326235,0.13433225005909277,0.16188959316629997,0.13905004048333947,0.0228395526829605
2025-02-24,0.13897059841731163,0.16274248772254143,0.12857246079379905,0.03417002692874238,0.13831600501070632,0.17072470298217293,0.14456979157776242,0.026154911404410494
2025-02-25,0.1331920787753143,0.1592930894770097,0.12240982472216277,0.036883264754846934,0.12425985661920275,0.16356278548245864,0.13110896755288465,0.03245381792957401
2025-02-27,0.12975946725969206,0.15268921255684859,0.12145734135023657,0.031231871206612003,0.12052778698544181,0.15480031259740556,0.12594267681060423,0.02885763578680134
2025-02-28,0.13668228245604916,0.15644734640037244,0.13080620277181318,0.025641143628559262,0.1349493368304661,0.16429574427693375,0.13848114353952884,0.025814600737404905
2025-03-03,0.13586015061125958,0.14989390874128905,0.13427462345963992,0.015619285281649145,0.13595170674860874,0.16670999904872044,0.1425343543998659,0.024175644648854546
2025-03-04,0.1334803456793199,0.14995554794521837,0.13089922817033184,0.019056319774886532,0.13190713771699916,0.16652436470561632,0.13808982766215447,0.028434537043461865
2025-03-05,0.1304535849265668,0.15235592122652358,0.12989236096095935,0.022463560265564224,0.12916283423213404,0.16555205466581718,0.1355670468171533,0.02998500784866387
2025-03-06,0.13070796636939122,0.1553334336285858,0.12607482339555853,0.02925861023302727,0.1266025922483838,0.161677028311475,0.1307902239978347,0.030886804313640326
2025-03-07,0.13022854993295663,0.1542852766212217,0.12770561782545725,0.026579658795764453,0.12325506478033642,0.15854297811729992,0.12767242868641202,0.03087054943088788
2025-03-10,0.1378485474428613,0.1341978379512837,0.13854109936925896,-0.004343261417975253,0.13184905783873518,0.16908918188532926,0.13824812803669367,0.030841053848635575
2025-03-11,0.13611016329477457,0.15669074910325467,0.13092147189265577,0.02576927721059891,0.1337614660328857,0.17000451570631497,0.13703927649221623,0.032965239214098725
2025-03-12,0.13452357698591877,0.15217678379794164,0.12692145636549615,0.02525532743244551,0.12646616291435697,0.16436986420879457,0.1344559419873091,0.02991392222148548
2025-03-13,0.128439530375247,0.15001685981160778,0.12772942620262223,0.022287433608985552,0.1198082714080122,0.1527318425426163,0.12671199925941146,0.026019843283204835
2025-03-17,0.13343056094610575,0.1467879866301387,0.12374444395681616,0.023043542673322537,0.1287480542511923,0.16495683342253212,0.1328899641379641,0.032066869284568
2025-03-18,0.13472423142367074,0.1465910283397477,0.12027742977129297,0.02631359856845472,0.1228989447382098,0.1660956317429813,0.13116442208859194,0.03493120965438935
2025-03-19,0.1305246336130874,0.151451764132102,0.12183065622357203,0.029621107908529978,0.12594946658398806,0.1699693931387409,0.12846864307988756,0.04150075005885334
2025-03-20,0.11952575782355532,0.15069281196660114,0.10993045032384988,0.040762361642751266,0.1087127841422017,0.1566744088589136,0.10879882945796826,0.047875579400945334
2025-03-21,0.12110401608430156,0.1500748500868568,0.11263900931082713,0.0374358407760297,0.11287056531084062,0.16317685480812383,0.1159072438346452,0.04726961097347863
2025-03-24,0.1312792661848584,0.16888730525964718,0.11676724961449,0.05212005564515719,0.13679996923381782,0.18725710354082045,0.13204987994486542,0.05520722359595502
2025-03-25,0.13323810801783875,0.16791283365619147,0.11682248866715828,0.0510903449890332,0.1392472070444489,0.18349978693346047,0.1439070519768134,0.03959273495664709
2025-03-26,0.13000647548599786,0.1672149254516384,0.12159725377475124,0.04561767167688716,0.13464895006058286,0.1780798343097505,0.1442621967876896,0.033817637522060906
2025-03-27,0.12671809056512312,0.1611416065184804,0.1202218658657667,0.04091974065271368,0.13219171839369512,0.17584692012569691,0.14653392704371937,0.029312993081977545
2025-04-01,0.13610077601021608,0.1526816351592573,0.12640750020465946,0.026274134954597843,0.13249859797393426,0.1706248188462829,0.14622220397703334,0.02440261486924955
2025-04-02,0.13090670405238408,0.15620249816474382,0.12628960618741933,0.029912891977324475,0.12597041316101024,0.1673872065936053,0.1432771486711042,0.024110057922501094
2025-04-03,0.13107970467790217,0.15455767845828208,0.12380020147637719,0.030757476981904886,0.12400645110361125,0.1563993200199718,0.1345471012839834,0.021852218735988416
2025-04-04,0.1295831672530123,0.15463712486575298,0.12670888415716197,0.027928240708591012,0.11949322648313107,0.1606734567494146,0.13661946751437704,0.024053989235037574
2025-04-09,0.21485430572219857,0.25496232974464705,0.1905068605169888,0.06445546922765821,0.22729286625852646,0.2815814768037606,0.2005350562044723,0.08104642059928834
2025-04-11,0.19314042211937643,0.21697606557363538,0.17905435434047304,0.03792171123316235,0.20057097126820805,0.25889490841972584,0.1929040120873129,0.06599089633241295
2025-04-15,0.1517767825716707,0.1831008522500639,0.1388210947889954,0.04427975746106849,0.1502731663115957,0.20118585327302382,0.15729841965130062,0.043887433621723204
2025-04-16,0.15182848529167717,0.18215942500444005,0.13329486306962315,0.048864561934816884,0.14739841403139015,0.18974276582140526,0.1528477174822882,0.036895048339117054
2025-04-17,0.13904459756402954,0.1768458523363006,0.11604161118415433,0.06080424115214627,0.14149834450117751,0.1901084427297952,0.14816746081995547,0.04194098190983975
2025-04-21,0.14635038892743898,0.17289481449630806,0.13591393821665537,0.03698087627965269,0.1429551688071727,0.2065023572926552,0.14705769755406117,0.05944465973859403
2025-04-22,0.14686447345773102,0.18917848798471226,0.13834161647204368,0.05083687151266858,0.1405404783284953,0.1972485587156605,0.14791094398063964,0.04933761473502085
2025-04-23,0.15904469870683655,0.19275626813227703,0.139308606625651,0.05344766150662604,0.14716463956612125,0.20066741585682424,0.15427380441106586,0.046393611445758376
2025-04-24,0.15571247814316466,0.1911673577050994,0.14156189786337542,0.049605459841723994,0.15457901769714436,0.2026818199618159,0.15443527337768348,0.04824654658413241
2025-04-25,0.16159260715536694,0.198873732157798,0.14724997310612167,0.051623759051676314,0.1583393008187944,0.21289023603948806,0.15658632374614065,0.05630391229334743
2025-04-28,0.15682852209934428,0.19685529073495317,0.13428532173919663,0.06256996899575652,0.15666095814545927,0.21718731415916942,0.14434595510620682,0.0728413590529626
2025-04-29,0.15786633117783871,0.19649324205083252,0.13658900011279407,0.05990424193803845,0.15718425662974972,0.213577053709594,0.1442919080634211,0.06928514564617291
2025-04-30,0.16306473625152354,0.20621581866785907,0.13688242008551993,0.06933339858233913,0.16859801922659903,0.2268283192019691,0.1437572514554952,0.08307106774647391
2025-05-02,0.16314898870733555,0.20316299677121163,0.14381462395720077,0.059348372814010855,0.15856574352641112,0.23118656941136997,0.13748647818603033,0.09370009122533965
2025-05-05,0.16103748471952706,0.2054642089714464,0.13706962020086058,0.06839458877058581,0.15556776818008156,0.21664952864024997,0.13715766206716015,0.07949186657308983
2025-05-06,0.1617450182136046,0.2114129015453381,0.14159329714548186,0.06981960439985624,0.1517032022836752,0.21827371038269103,0.14251280382424092,0.07576090655845011
2025-05-07,0.16230118924379952,0.21342906708081438,0.14112432829901125,0.07230473878180314,0.16031578675338684,0.2197021899513916,0.14514236893924654,0.07455982101214507
2025-05-08,0.1762997202078367,0.23974471954748755,0.14683822158919546,0.09290649795829206,0.18873644446560628,0.252650093721666,0.15513707235731822,0.09751302136434781
2025-05-09,0.1847232527959423,0.24253000652192483,0.1545305071813452,0.08799949934057961,0.18999182653508645,0.26515682885151076,0.16962898658681969,0.09552784226469109
2025-05-12,0.15616341591495958,0.20094304077967198,0.1382286549162541,0.06271438586341789,0.16621564232123848,0.2345065169835912,0.12930407654546716,0.10520244043812406
2025-05-13,0.15576618008679988,0.1903917653118139,0.15335704711199405,0.03703471819981985,0.1640190880598813,0.20702833020119066,0.15891368912667353,0.04811464107451714
2025-05-14,0.15133280642167518,0.18750167163888048,0.14176116184336604,0.04574050979551446,0.15313180893281655,0.19290215036118116,0.14922108126911077,0.043681069092070396
2025-05-15,0.14547793348155824,0.18621469836589652,0.1263454699694458,0.059869228396450716,0.14504010559897146,0.18822237987409007,0.1423948905649528,0.04582748930913727
2025-05-16,0.14704453081345917,0.17459373649423313,0.14089664219511747,0.03369709429911565,0.14526573197909937,0.19532054084128156,0.14125858678537004,0.05406195405591152
2025-05-19,0.15209641739650961,0.18132248137909354,0.14427601967703133,0.03704646170206224,0.15773242098713294,0.19633893014009246,0.15738853008407336,0.038950400056019116
2025-05-20,0.15472968156153316,0.17974321185375253,0.14826264145587054,0.03148057039788199,0.15691958775522644,0.19915131369759922,0.16121646035135104,0.03793485334624818
2025-05-21,0.158161970489677,0.18640757548654793,0.14373112215033398,0.042676453336213935,0.1574930217389251,0.1940630261131113,0.15556281211893186,0.03850021399417944
2025-05-22,0.15662693475102257,0.1819031390476519,0.14739173638522246,0.03451140266242942,0.1529934789704533,0.18776694516373915,0.15569478810842874,0.03207215705531041
2025-05-23,0.15505821040414788,0.18284312209403472,0.14082209875902427,0.042021023335010455,0.15585812308865069,0.19473598868688644,0.14859294122568972,0.0461430474611967
2025-05-26,0.16236389410274188,0.19084511588185973,0.14608802468925935,0.04475709119260036,0.17695157713369636,0.213472144332234,0.15827976391314458,0.05519238041908941
2025-05-27,0.16730985344891044,0.1938357066580969,0.1556165646959089,0.03821914196218801,0.18607259493636932,0.21487386079310047,0.17484557077874138,0.040028290014359084
2025-05-28,0.16622604349808073,0.18481067542712745,0.15522184374492592,0.029588831682201507,0.17784291022890517,0.19950420930154664,0.17276361899433848,0.02674059030720815
2025-05-29,0.14975355594575293,0.1695104547785881,0.14211740398419653,0.02739305079439155,0.15316600012399245,0.17459520742912993,0.1567008014156981,0.01789440601343184
2025-06-02,0.16720702949567434,0.18165805576053234,0.15326576175917905,0.028392294001353298,0.18572368267975592,0.20434376570567764,0.17360007612191097,0.030743689583766658
2025-06-03,0.15898675913365845,0.17100017483290708,0.15419460190360512,0.01680557292930196,0.17072423856384591,0.19171036368259095,0.16989929888738736,0.021811064795203575
2025-06-04,0.15322945504518026,0.16781440678130702,0.14716361789295296,0.020650788888354057,0.15221982637570627,0.1765893614006109,0.15311998648872382,0.023469374911887084
2025-06-05,0.1488081605217519,0.1645742372477804,0.14382252947110888,0.02075170777667152,0.14204878042010416,0.170405244953308,0.14080220595516035,0.029603038998147646
2025-06-06,0.1441468212220088,0.16389701350054148,0.13472164969231798,0.029175363808223498,0.1385412505728373,0.1759328819103009,0.13091996907464296,0.04501291283565794
2025-06-09,0.1443782450870745,0.16384557354789742,0.1365824816386952,0.02726309190920219,0.14240658019394112,0.17975505561561,0.13809793570949122,0.04165711990611877
2025-06-10,0.13538203732097553,0.1565553945796485,0.1267906484765473,0.029764746103101203,0.13003063275095106,0.1696630366715221,0.134328141665952,0.03533489500557011
2025-06-11,0.13896790687742303,0.15537582944927958,0.12675841228048904,0.028617417168790557,0.1288246797332219,0.17244364724924718,0.12715752601382235,0.04528612123542481
2025-06-12,0.1380990872944171,0.15511620653359487,0.1320373734344578,0.02307883309913708,0.134776061024438,0.16954171496577963,0.13843082766239068,0.031110887303388957
2025-06-13,0.14502381549565732,0.17823605158735528,0.13106901722578007,0.0471670343615752,0.14494990507642191,0.18392578392924477,0.16040513894802721,0.023520644981217562
2025-06-16,0.14645832183613808,0.17276057607793735,0.12787766422889632,0.04488291184904103,0.14588581548558388,0.19405781095160585,0.1389716246241964,0.055086186327409435
2025-06-17,0.1388605638033732,0.1695616668806732,0.12268490733047344,0.046876759550199765,0.14058755797624392,0.18379554012905164,0.14104639373978425,0.0427491463892674
2025-06-18,0.14061969223420231,0.1672586844675481,0.12231543279344462,0.04494325167410348,0.14115557421412803,0.1842870242303015,0.1408078880331054,0.04347913619719611
2025-06-19,0.13736413747102366,0.1684568374379717,0.11961851983505453,0.048838317602917174,0.13956939463087947,0.18819181194760937,0.13731114990236826,0.05088066204524111
2025-06-20,0.13118248348255457,0.16577224005175642,0.10508548100305694,0.06068675904869947,0.12948901217700753,0.17768142214491953,0.12943875927629125,0.04824266286862829
2025-06-23,0.1385329635750444,0.16750807226274933,0.11939256559013188,0.04811550667261745,0.14048111966559426,0.18870054443270184,0.1337795142275152,0.054921030205186634
2025-06-24,0.1323750654653193,0.15394689657694904,0.12242465331153163,0.031522243265417416,0.13394978805689275,0.17687811578603085,0.1324723065667294,0.04440580921930147
2025-06-25,0.12509466421172838,0.15039332823922955,0.11183713971790699,0.03855618852132255,0.12588860348367603,0.1666061627855215,0.12665062491325838,0.039955537872263136
2025-06-26,0.11989585978289237,0.1469790446366716,0.1091150367772098,0.037864007859461805,0.1225740042604809,0.16138555599684423,0.12499825705342893,0.0363872989434153
2025-06-27,0.11707881077274011,0.14346741900243729,0.10817994886025341,0.035287470142183884,0.11448745511524228,0.1575806851045169,0.11545432252314887,0.042126362581368024
2025-06-30,0.12193288105117621,0.14393940591613713,0.11590453775566026,0.028034868160476862,0.1250206143428407,0.15979563545804965,0.13467421675993688,0.025121418698112765
