Date,DTE_7D,Smile_Level_7D,Smile_Skew_7D,Smile_Curv_7D,N_Points_7D,Fit_RMSE_7D,DTE_14D,Smile_Level_14D,Smile_Skew_14D,Smile_Curv_14D,N_Points_14D,Fit_RMSE_14D,DTE_30D,Smile_Level_30D,Smile_Skew_30D,Smile_Curv_30D,N_Points_30D,Fit_RMSE_30D,Skew_Term_Slope_30_14,Curv_Term_Slope_30_14,Skew_Term_Slope_14_7,Curv_Term_Slope_14_7,Skew_Term_Slope,Curv_Term_Slope
2021-01-01,6,0.14888203766360308,-0.5169586000666446,36.456961602283364,93.0,0.014320702428105398,13,0.16187511805152113,-0.35168803101729285,15.559373195711519,62.0,0.007969390443432839,27,0.18020737594256234,-0.3983006548037775,3.661645422264752,98.0,0.007255437049872264,-0.046612623786484675,-11.897727773446768,0.16527056904935178,-20.897588406571845,-0.046612623786484675,-11.897727773446768
2021-01-04,10,0.1618894468720514,-0.5892716632030279,23.062267196450655,71.0,0.007253254239500135,17,0.17453811248833098,-0.548855965570829,10.377294765903976,35.0,0.0027610335124288927,24,0.17914240250314215,-0.4846039474721777,5.211372389843003,97.0,0.007845484921055006,0.06425201809865133,-5.165922376060973,0.04041569763219888,-12.68497243054668,0.06425201809865133,-5.165922376060973
2021-01-07,7,0.16096016261280563,-0.6988292204242725,32.130241348115234,89.0,0.014963339256283476,14,0.17172019803527597,-0.4482312442785993,14.481715914511842,48.0,0.005686554789214821,21,0.1788228734233755,-0.4567745905654651,6.635848374865069,101.0,0.007192333476995157,-0.008543346286865816,-7.845867539646773,0.25059797614567325,-17.648525433603393,-0.008543346286865816,-7.845867539646773
2021-01-11,10,0.18437709653452933,-0.8445909989341785,20.118377163787894,66.0,0.00546249059875075,17,0.1887317123059184,-0.7347745444948739,9.672684705992474,104.0,0.0068251259461932015,17,0.1887317123059184,-0.7347745444948739,9.672684705992474,104.0,0.0068251259461932015,0.0,0.0,0.10981645443930466,-10.44569245779542,0.0,0.0
2021-01-12,9,0.18147146588903268,-0.9391599414363034,27.075487986660413,73.0,0.006689275613187725,16,0.19256816494814563,-0.7403676059670132,10.011480202159028,105.0,0.00798424559255579,16,0.19256816494814563,-0.7403676059670132,10.011480202159028,105.0,0.00798424559255579,0.0,0.0,0.1987923354692902,-17.064007784501385,0.0,0.0
2021-01-13,8,0.178978216099402,-0.8293747256010155,30.5965702425377,84.0,0.015376442384256313,15,0.19101361540964684,-0.6099444428205887,14.214834837263147,103.0,0.007044155355984694,43,0.23240534116891132,-0.30025133484142413,2.0193764320622103,65.0,0.005279294557137638,0.30969310797916455,-12.195458405200938,0.21943028278042687,-16.381735405274554,0.30969310797916455,-12.195458405200938
2021-01-14,7,0.15972583419271905,-0.7595183329194697,33.81167164937844,85.0,0.005654361478015752,14,0.17782563167705762,-0.6626830110774151,15.566607545215623,107.0,0.012967842835567308,21,0.23002257865746253,-0.4008147496518943,9.341815445212905,23.0,0.0030861309196361037,0.26186826142552083,-6.224792100002718,0.09683532184205457,-18.245064104162815,0.26186826142552083,-6.224792100002718
2021-01-15,6,0.1934455122591216,-0.6120202015438081,31.379904693989445,112.0,0.01314467269692079,13,0.19651823014237021,-0.6385646992208143,14.587264207758455,109.0,0.012101318320369757,20,0.2539454659019871,-0.38238217031854127,5.24818696231765,35.0,0.004812949925185091,0.256182528902273,-9.339077245440805,-0.026544497677006174,-16.79264048623099,0.256182528902273,-9.339077245440805
2021-01-19,9,0.1787601043627162,-0.6633348039500166,25.43803062136843,105.0,0.015333901238764026,16,0.22328051338836133,-0.3870173942925288,6.485681632409284,55.0,0.005084050483481049,37,0.2236342275387017,-0.22208411704329695,0.6968155573155306,73.0,0.004961403904584842,0.16493327724923185,-5.788866075093753,0.27631740965748786,-18.952348988959145,0.16493327724923185,-5.788866075093753
2021-01-20,8,0.15004152296206924,-0.6683703660094515,32.48239567771664,103.0,0.011258055096485668,15,0.20671863647839445,-0.4060522557404431,7.163554645204721,61.0,0.004736299354474803,36,0.20975020107822537,-0.3065301944598402,1.7212498128666178,71.0,0.0033962996898997673,0.09952206128060292,-5.442304832338103,0.2623181102690084,-25.31884103251192,0.09952206128060292,-5.442304832338103
2021-01-21,7,0.19021075347700664,-0.8751578517911569,29.061935793710436,105.0,0.019512431781047404,14,0.220626403396259,-0.4668831067454229,6.713041960840295,63.0,0.008406386912732232,35,0.21887372404204933,-0.3333017364971065,-0.19027716386299653,80.0,0.005466054573484929,0.1335813702483164,-6.903319124703291,0.408274745045734,-22.34889383287014,0.1335813702483164,-6.903319124703291
2021-01-22,6,0.19230867410236813,-0.3706231783100118,31.449414282336406,118.0,0.02100288803390644,13,0.22906729890921235,-0.3309033070050546,8.381231265084352,77.0,0.008431604519999155,34,0.2149030556102332,-0.3290227616774726,1.3236901732755992,100.0,0.009517554813796823,0.0018805453275820283,-7.057541091808753,0.03971987130495719,-23.068183017252053,0.0018805453275820283,-7.057541091808753
2021-01-25,10,0.24722408007817379,-0.30870197320078685,14.58962421486055,88.0,0.008798474598892648,17,0.2386411851633613,-0.2012696410390981,4.966192187293736,39.0,0.005133897565293835,31,0.22186881930066182,-0.27887364469879994,2.1118733196249195,103.0,0.01237325217808385,-0.07760400365970183,-2.854318867668816,0.10743233216168874,-9.623432027566814,-0.07760400365970183,-2.854318867668816
2021-01-27,8,0.2768593951337064,-0.2877980355005192,16.616956946228918,91.0,0.011096328636411414,15,0.2517888359118786,-0.19874907237318695,6.06148894325418,49.0,0.0032867146439357385,29,0.23650604822889248,-0.18019980514000972,1.6193595705640105,108.0,0.006883561255557329,0.018549267233177236,-4.44212937269017,0.08904896312733224,-10.555468002974738,0.018549267233177236,-4.44212937269017
2021-01-28,7,0.2769123038930447,-0.31977792536365823,16.478733446751395,103.0,0.015463394351484699,14,0.2522860766141972,-0.2166966093988819,10.060067948307669,59.0,0.005877675786264637,28,0.23599275910781445,-0.2903210385605085,2.052696535825875,115.0,0.009332101639082324,-0.07362442916162659,-8.007371412481794,0.10308131596477632,-6.418665498443726,-0.07362442916162659,-8.007371412481794
2021-01-29,6,0.3097144800307048,-0.11319680155363643,17.642658119490385,119.0,0.01569237584105673,13,0.2679070836487445,-0.15411198581266694,9.94228802783663,71.0,0.004407989515356425,27,0.24328433658558563,-0.22570950643915627,3.3648223763663063,120.0,0.005726953395498294,-0.07159752062648933,-6.577465651470324,-0.04091518425903051,-7.700370091653754,-0.07159752062648933,-6.577465651470324
2021-02-02,9,0.22197952997954692,-0.6769414051914123,22.224481353849995,94.0,0.011015299962113211,16,0.22079215665606233,-0.49710040658153337,11.788139318863482,50.0,0.00840117236688671,23,0.21192339431970086,-0.41656673555223467,6.985312385502535,118.0,0.005882130809099642,0.0805336710292987,-4.802826933360947,0.17984099860987895,-10.436342034986513,0.0805336710292987,-4.802826933360947
2021-02-04,7,0.19312161108692832,-0.7142333304367439,26.510124006807313,99.0,0.010500374358566034,14,0.20063608966777144,-0.6150028857187971,13.487311235002583,62.0,0.005186348886122927,21,0.19794445865968593,-0.5662743717954815,8.612794886230933,113.0,0.007308486156276229,0.048728513923315675,-4.87451634877165,0.09923044471794673,-13.02281277180473,0.048728513923315675,-4.87451634877165
2021-02-05,6,0.19687570653014158,-0.8207586155534308,33.6031141345172,115.0,0.017225593257575507,13,0.20541352893604323,-0.5554239809748267,13.904432027562722,78.0,0.004082232651758739,20,0.20401529734631188,-0.5373654470699772,8.476057491230382,119.0,0.007441866473547505,0.01805853390484946,-5.42837453633234,0.26533463457860407,-19.69868210695448,0.01805853390484946,-5.42837453633234
2021-02-17,8,0.17540221442280324,-0.5240391113484932,29.40555101298359,114.0,0.015635934801681153,15,0.18595874884025648,-0.4454270936939552,13.07155191840791,56.0,0.003295407534217344,36,0.19670524571559977,-0.3459433181985171,1.3179310715263073,90.0,0.005477716488499514,0.09948377549543813,-11.753620846881603,0.07861201765453801,-16.33399909457568,0.09948377549543813,-11.753620846881603
2021-02-23,9,0.2060194706478342,-0.3461704912170045,20.72638847239242,103.0,0.01514070451138709,15,0.21863157056942595,-0.3896047010714837,12.145601573758478,55.0,0.004636222211899353,30,0.22019636935509024,-0.4293883413892624,6.094534993961684,116.0,0.006820983309817398,-0.0397836403177787,-6.051066579796794,-0.04343420985447921,-8.58078689863394,-0.0397836403177787,-6.051066579796794
2021-02-24,8,0.1979946150721114,-0.45611269776399965,23.749388941717203,97.0,0.010245289220775567,14,0.2073791123090536,-0.4551712023792981,14.88500441526354,49.0,0.011763728063161357,29,0.21310553720086747,-0.44019285582103906,6.214266062530799,107.0,0.011953082850649218,0.014978346558259026,-8.67073835273274,0.0009414953847015628,-8.864384526453664,0.014978346558259026,-8.67073835273274
2021-02-25,7,0.17825830324097952,-0.43217603582386577,29.032368400994763,107.0,0.012577873909178755,13,0.1958494793308765,-0.3926643482201605,16.54553075557563,68.0,0.004157982353480181,28,0.2050185640238409,-0.36695025457932773,5.36644651793134,119.0,0.009968630888052063,0.02571409364083277,-11.17908423764429,0.03951168760370527,-12.486837645419133,0.02571409364083277,-11.17908423764429
2021-03-03,7,0.19810897785109247,-0.6981217288242552,29.73500725342178,90.0,0.0053440656919236185,15,0.20203107956856037,-0.35147024567635526,11.136526660475228,48.0,0.016059640439050477,22,0.20424302351179086,-0.5101938304127194,6.1064594582777225,115.0,0.007088532236794039,-0.1587235847363641,-5.030067202197506,0.3466514831478999,-18.59848059294655,-0.1587235847363641,-5.030067202197506
2021-03-04,6,0.24704107312504103,-0.8589369266783424,25.21270048652452,100.0,0.011845420265559771,14,0.2325343403024479,-0.7307857674744028,10.504890044106158,56.0,0.006105412563662006,28,0.24035941311825848,-0.8928576693016836,1.8892920669198432,13.0,0.01636103524132602,-0.16207190182728082,-8.615597977186315,0.1281511592039396,-14.70781044241836,-0.16207190182728082,-8.615597977186315
2021-03-17,8,0.22684609336211897,-0.5288296489368025,23.15359510923055,118.0,0.01284261466646745,15,0.2135005927929932,-0.3527043842678011,11.495876558068709,48.0,0.006260790534924721,43,0.18625848270782086,-0.15639620070425903,1.6161219317441207,96.0,0.005882956253038336,0.19630818356354207,-9.879754626324587,0.1761252646690014,-11.657718551161842,0.19630818356354207,-9.879754626324587
2021-03-18,7,0.23070890992701878,-0.43191224873293543,21.61211520513498,122.0,0.01132155418101497,14,0.21584847771088758,-0.27607511283233976,13.526651382787,63.0,0.008868890919337652,42,0.18528553620392665,-0.18389618591256449,3.0669177952165314,101.0,0.006273659330363269,0.09217892691977528,-10.459733587570469,0.15583713590059567,-8.08546382234798,0.09217892691977528,-10.459733587570469
2021-03-24,8,0.23019063746622861,-0.4512294899955892,19.3186110489063,97.0,0.01535690603478721,15,0.21817666435757585,-0.5201156999208616,10.08940630490634,53.0,0.011418213801638516,36,0.20416739310273002,-0.3348228556213954,3.44890686573855,110.0,0.005725610298155824,0.1852928442994662,-6.64049943916779,-0.06888620992527239,-9.229204743999958,0.1852928442994662,-6.64049943916779
2021-04-13,9,0.19170116652569322,-0.8377952597551555,21.810247243988584,90.0,0.011410902362043469,16,0.19903376538345507,-0.6337052879560754,11.58247305735121,112.0,0.011195217197835415,16,0.19903376538345507,-0.6337052879560754,11.58247305735121,112.0,0.011195217197835415,0.0,0.0,0.20408997179908006,-10.227774186637374,0.0,0.0
2021-04-20,9,0.23103595558252266,-0.7249608356784045,16.616239379816825,116.0,0.012728571722444588,16,0.23145394182699727,-0.6599567687052645,9.3412047207553,53.0,0.005995375366713743,37,0.21776162019579526,-0.5393506566902785,2.0155800478616843,82.0,0.007334783322848884,0.12060611201498606,-7.325624672893616,0.06500406697313998,-7.275034659061525,0.12060611201498606,-7.325624672893616
2021-05-11,9,0.16097079553716748,-0.621393634970794,24.016588800849277,88.0,0.008997195646330076,16,0.17872007777610388,-0.5437201188943496,12.204521929533296,106.0,0.009827545347005182,23,0.1880495125930003,-0.4483766647868973,2.1424750119824787,25.0,0.004520636388050936,0.09534345410745226,-10.062046917550818,0.07767351607644446,-11.81206687131598,0.09534345410745226,-10.062046917550818
2021-05-26,8,0.155080663232836,-0.5005150135538949,29.734284014496186,84.0,0.00437317182142926,15,0.15584429717136047,-0.3797388116024963,13.424930289583662,46.0,0.004768007790613044,29,0.1613385432539447,-0.46739446714465327,7.9184129956024165,93.0,0.005426914337345448,-0.08765565554215698,-5.506517293981245,0.12077620195139865,-16.309353724912526,-0.08765565554215698,-5.506517293981245
2021-05-27,7,0.14242898806031778,-0.44263355048947806,34.02815943914767,98.0,0.017864046098193056,14,0.14933329707638662,-0.3055536610705192,17.53264049531832,55.0,0.00689475766602429,28,0.15736332086146,-0.41940769115180115,8.972863789543123,103.0,0.009738548300420403,-0.11385403008128198,-8.559776705775196,0.13707988941895888,-16.495518943829353,-0.11385403008128198,-8.559776705775196
2021-05-28,6,0.1379870318758732,-0.642769441513453,38.91875526094514,105.0,0.009926708789428628,13,0.1350602343106179,-0.390377439768016,19.973791611418452,65.0,0.005479106032391025,27,0.1467133735665645,-0.4644423530434976,9.24788370637711,104.0,0.006242823768058056,-0.07406491327548165,-10.725907905041343,0.2523920017454371,-18.944963649526688,-0.07406491327548165,-10.725907905041343
2021-06-16,8,0.1500761049129741,-0.4855199264901682,27.74157065980385,103.0,0.015718536212931608,15,0.13304187815190377,-0.5162076380010244,23.388826817266793,48.0,0.007246217757032286,43,0.13484845113142202,-0.293400911867964,3.8149060538768538,72.0,0.007214595350846417,0.2228067261330604,-19.57392076338994,-0.030687711510856253,-4.3527438425370555,0.2228067261330604,-19.57392076338994
2021-06-18,6,0.14791607457095693,-0.4846516998474686,33.97432104196677,107.0,0.02656245127625791,13,0.13348386273963958,-0.24108741438944592,21.810087751975818,68.0,0.00712256794002333,20,0.13497612374847662,-0.27117157156787763,9.648950330383418,25.0,0.004195984092857335,-0.030084157178431714,-12.1611374215924,0.24356428545802267,-12.16423328999095,-0.030084157178431714,-12.1611374215924
2021-06-23,8,0.1469583359777079,-0.45546810847282604,32.881902214751854,87.0,0.010837983072594882,15,0.1445851141678005,-0.3107372089875209,18.112001460496877,38.0,0.003643085423801738,36,0.13779516354369478,-0.3009730272578911,6.386575403346304,94.0,0.007806801770453916,0.009764181729629784,-11.725426057150575,0.14473089948530515,-14.769900754254977,0.009764181729629784,-11.725426057150575
2021-06-24,7,0.13518734878353988,-0.5475993704795854,34.665339647137834,92.0,0.007385975165340907,14,0.13691495217666913,-0.4409772054144868,17.555972616861837,45.0,0.0038836879679016944,35,0.1349186825946681,-0.36099657328776846,6.411782384973261,98.0,0.009192058515345226,0.07998063212671835,-11.144190231888576,0.10662216506509858,-17.109367030275997,0.07998063212671835,-11.144190231888576
2021-06-29,9,0.12392945051828322,-0.36422167657311055,32.78310743758838,78.0,0.01362237300501935,16,0.11692748883989504,-0.1917158431456059,19.144266901319426,31.0,0.004030797545680885,30,0.11557219301882793,-0.22860132735256183,11.19251536765028,99.0,0.006588142987303219,-0.03688548420695592,-7.951751533669146,0.17250583342750464,-13.638840536268951,-0.03688548420695592,-7.951751533669146
2021-07-02,6,0.11190022702608765,-0.3302347072502321,40.326482289238704,92.0,0.01554646586913408,13,0.09732094667050241,-0.42295167098967457,31.333400349562247,53.0,0.004258881326500805,27,0.10509852785896205,-0.29330198892184756,12.809635128749447,96.0,0.005635346647602737,0.129649682067827,-18.5237652208128,-0.09271696373944249,-8.993081939676458,0.129649682067827,-18.5237652208128
2021-07-06,9,0.10759174851456423,-0.5088184695868043,43.39543575216925,62.0,0.007250448372211788,16,0.10525951339894901,-0.42438495152201033,28.402328055057584,29.0,0.0018137929565310196,23,0.10745514984242421,-0.36027255703240535,16.035646562171365,97.0,0.008281523516334916,0.06411239448960498,-12.366681492886219,0.08443351806479399,-14.993107697111665,0.06411239448960498,-12.366681492886219
2021-07-14,8,0.11105311583351422,-0.6432509949507896,39.84527299215317,72.0,0.009247079810476027,15,0.11186159637162939,-0.4307252439995093,24.0719746868581,98.0,0.005976669935780626,22,0.11600801427889898,-0.5400503640994017,10.383841345779537,20.0,0.0017869827322935941,-0.10932512009989237,-13.688133341078562,0.21252575095128035,-15.773298305295071,-0.10932512009989237,-13.688133341078562
2021-07-27,9,0.12354549080357091,-0.45189440876285025,33.739486984066595,77.0,0.010246010957863273,16,0.11886270364137934,-0.46399243051536054,20.510931742745303,51.0,0.0041427190944114504,30,0.1188885258440343,-0.35419333153150573,11.370214165338844,85.0,0.0066079190325745935,0.10979909898385481,-9.140717577406459,-0.01209802175251029,-13.228555241321292,0.10979909898385481,-9.140717577406459
2021-07-28,8,0.13250312542218357,-0.4570654726520762,33.62777405539525,84.0,0.014387629191456214,15,0.12092086683074368,-0.4474476827028073,24.23168985210095,61.0,0.004006980524976047,29,0.12397100641553566,-0.3311663570543482,11.375293831703674,96.0,0.006220947802401216,0.11628132564845911,-12.856396020397275,0.009617789949268873,-9.3960842032943,0.11628132564845911,-12.856396020397275
2021-08-24,9,0.1146874614176725,-0.6349032233894054,39.947385324184346,83.0,0.005079360846281286,16,0.1108038363526472,-0.45417011349566416,25.567897213373584,54.0,0.0025407953437583054,37,0.1089546964707519,-0.36136599616915815,9.900308055271637,109.0,0.006283332236950431,0.09280411732650601,-15.667589158101947,0.18073310989374125,-14.379488110810762,0.09280411732650601,-15.667589158101947
2021-09-01,8,0.12757401746125246,-0.7299471578831569,41.118502948143835,104.0,0.018762547646545155,15,0.11831218748809483,-0.36572945024163706,31.402522438775947,69.0,0.0044656981097902,29,0.11046244259968999,-0.2894113564544778,15.127064965008536,124.0,0.010053885509444202,0.07631809378715926,-16.27545747376741,0.36421770764151984,-9.715980509367888,0.07631809378715926,-16.27545747376741
2021-09-06,10,0.13019532049882634,-0.43243351980925815,31.635262352967693,92.0,0.006804493995789143,17,0.12795354626348462,-0.21052125200041927,22.819905875666805,48.0,0.0049334446532789235,24,0.12472824465905753,-0.24878100624750443,16.567392997309646,125.0,0.004445670169162568,-0.038259754247085165,-6.252512878357159,0.22191226780883888,-8.815356477300888,-0.038259754247085165,-6.252512878357159
2021-09-14,9,0.10766959627893803,-0.5067509410157174,39.29320192375771,78.0,0.006630312236366617,16,0.10850422330547657,-0.42171723961721996,26.056054790124477,122.0,0.007672329083538113,23,0.11171361740186486,-0.3054142300103993,21.013625124553315,26.0,0.0017068529992120757,0.11630300960682066,-5.042429665571163,0.08503370139849742,-13.23714713363323,0.11630300960682066,-5.042429665571163
2021-09-24,6,0.13687707794459208,-0.5112221770477194,42.61424153607895,132.0,0.016272831715936083,13,0.1457768438263997,-0.4069801192155338,21.426442315778715,93.0,0.004561618417504775,27,0.15322945261127646,0.18175941828508513,20.572167768699074,21.0,0.0047761880301731025,0.5887395375006189,-0.8542745470796405,0.10424205783218565,-21.187799220300235,0.5887395375006189,-0.8542745470796405
2021-09-29,8,0.15903652416420783,-0.3108096513971452,30.17074454644374,98.0,0.006897030860963277,15,0.16991146114145408,-0.2794180702293525,17.502805041114172,58.0,0.003166090244522695,29,0.17073713223551495,-0.24626386136894077,7.171470498072836,113.0,0.006288742879086836,0.03315420886041173,-10.331334543041336,0.031391581167792726,-12.667939505329567,0.03315420886041173,-10.331334543041336
2021-10-11,10,0.13103998370027256,-0.49033286161095346,29.853558661929064,85.0,0.0047125534492987705,17,0.13785390969185615,-0.432406665832056,19.105462258500246,110.0,0.009743196599433006,23,0.14248241336931672,-0.2972150536112245,15.778206672841813,32.0,0.0025415549172721924,0.13519161222083148,-3.327255585658433,0.05792619577889746,-10.748096403428818,0.13519161222083148,-3.327255585658433
2021-10-12,9,0.13155672435226276,-0.5035651826058489,32.60390762576153,86.0,0.010847865747282564,16,0.13609893704641224,-0.44851175895458584,23.6545622543255,112.0,0.013508140914109248,22,0.14120946016496916,-0.23769750736995843,15.25464153924898,34.0,0.002699399691155453,0.2108142515846274,-8.399920715076522,0.05505342365126309,-8.949345371436028,0.2108142515846274,-8.399920715076522
2021-10-13,8,0.1321999700094882,-0.5951495008663128,37.44990565455662,99.0,0.006049802741489825,15,0.14074168567296377,-0.49875065426140297,18.14384110094379,114.0,0.005564366646430989,29,0.13968795073805404,-0.39120220695819286,19.75514856376348,19.0,0.0025131114976890143,0.10754844730321012,1.611307462819692,0.09639884660490983,-19.306064553612835,0.10754844730321012,1.611307462819692
2021-10-20,8,0.1696806186461306,-0.6124597712717244,29.668868772719897,130.0,0.011817884397314949,14,0.16863277306551752,-0.3556383064659482,21.90743761053365,72.0,0.007807040586800924,36,0.1660781912835672,-0.21773629370187314,8.872517148857666,113.0,0.00478419294246202,0.13790201276407504,-13.034920461675982,0.25682146480577617,-7.761431162186248,0.13790201276407504,-13.034920461675982
2021-10-25,9,0.1675091132277815,-0.34190115491073936,25.87567697678542,96.0,0.00912834903972269,17,0.1632836735379472,-0.06627736676111456,14.627523146243075,53.0,0.0037298289482371144,31,0.1635376655196445,-0.20595562018534758,7.588031063748278,122.0,0.0048005484015146834,-0.139678253424233,-7.039492082494797,0.2756237881496248,-11.248153830542346,-0.139678253424233,-7.039492082494797
2021-10-26,8,0.15590044382529428,-0.41526931776555287,31.276804322304685,94.0,0.008056891083792749,16,0.15206427451135499,-0.16027916180842428,17.577905813734894,57.0,0.0038315609660565624,30,0.15395986739465217,-0.21120125486354374,8.672967895773048,116.0,0.005552336426843369,-0.050922093055119466,-8.904937917961846,0.2549901559571286,-13.69889850856979,-0.050922093055119466,-8.904937917961846
2021-10-27,7,0.16250824962371502,-0.28262432889753475,32.18238977865653,104.0,0.02053696422346496,15,0.153893243182922,-0.16663007942963426,16.687221112138687,65.0,0.005860999030436572,29,0.15570490352652683,-0.16690236807612702,7.494373188140932,123.0,0.00773111295074929,-0.00027228864649275764,-9.192847923997755,0.11599424946790049,-15.495168666517841,-0.00027228864649275764,-9.192847923997755
2021-10-29,5,0.17607475165604203,0.11835614926470828,37.77131495336807,122.0,0.03154794490039839,13,0.15900152157318104,-0.22027307322831124,18.3668705613307,93.0,0.005977818190330317,27,0.15830118530085324,-0.25108039155973716,8.431487366052018,139.0,0.00603933858238653,-0.030807318331425915,-9.935383195278682,-0.3386292224930195,-19.40444439203737,-0.030807318331425915,-9.935383195278682
2021-11-02,9,0.14539883182836807,-0.18087923240212622,25.744812850858438,103.0,0.007783568430604011,16,0.1492250282720497,-0.13948112944869373,14.653091973998817,61.0,0.004947354869977758,23,0.14779147536452714,-0.1688262210335818,11.64313887856077,126.0,0.004193382815553916,-0.029345091584888072,-3.009953095438048,0.04139810295343249,-11.09172087685962,-0.029345091584888072,-3.009953095438048
2021-11-03,8,0.13025848001933235,-0.16578661837791664,29.357943605219894,104.0,0.008542276309697243,15,0.13972588856408327,-0.23886850713739283,18.486420340258995,64.0,0.004656479247882969,22,0.1420015315325509,-0.15116436834144054,12.698876014613775,127.0,0.006717924785721511,0.08770413879595229,-5.78754432564522,-0.07308188875947619,-10.8715232649609,0.08770413879595229,-5.78754432564522
2021-11-24,8,0.15732738367902394,-0.30980711196243393,30.44985834922658,111.0,0.029168459911019632,15,0.14182994373053484,-0.28724489516403484,17.721400581761227,73.0,0.006395364345526827,36,0.13947882143356055,-0.31157653049304856,7.471208495344468,126.0,0.0081305458396247,-0.024331635329013723,-10.250192086416758,0.022562216798399093,-12.728457767465354,-0.024331635329013723,-10.250192086416758
2021-12-01,8,0.18052873354266016,-0.7171452091970166,24.62673012601197,103.0,0.018583108548403157,15,0.1686058683697355,-0.8320150419936776,14.660121859272893,72.0,0.007897914701716156,29,0.15643925299404304,-0.6440589372962905,10.211473866582356,129.0,0.008605989182134366,0.1879561046973871,-4.448647992690537,-0.11486983279666096,-9.966608266739078,0.1879561046973871,-4.448647992690537
2021-12-02,7,0.15934302174474785,-0.5607546213333463,28.082800011018126,122.0,0.013900489080735354,14,0.1535390308069232,-0.624764759784227,16.43770120942667,85.0,0.008985744299012931,28,0.14492589064715156,-0.6425701002558352,10.537993598487919,133.0,0.005606323246371789,-0.0178053404716082,-5.899707610938751,-0.06401013845088066,-11.645098801591455,-0.0178053404716082,-5.899707610938751
2021-12-06,10,0.19156098547586617,-0.462549599220511,17.48527162463325,100.0,0.006378113641395583,17,0.18786843070473275,-0.5585531195262732,9.325926392492214,60.0,0.0027981415042609933,24,0.17863504418266757,-0.5402107101045819,9.094485984552914,125.0,0.004890306243389745,0.018342409421691297,-0.23144040793929932,-0.0960035203057622,-8.159345232141035,0.018342409421691297,-0.23144040793929932
2021-12-10,6,0.1518360785534934,-0.3586216295253237,29.566787601752452,123.0,0.014989603808845403,13,0.13643666909861452,-0.489911217679454,20.092953584257593,86.0,0.006351130895106003,20,0.13957901410889617,-0.5111760730438273,13.169575674163584,125.0,0.00713704984077598,-0.02126485536437328,-6.923377910094009,-0.13128958815413028,-9.473834017494859,-0.02126485536437328,-6.923377910094009
2021-12-13,10,0.1577944064848837,-0.34220685107354254,21.595806996788603,89.0,0.0072418115761122585,17,0.15340912910584725,-0.39304275536776256,14.32965019249109,124.0,0.004947320887494633,24,0.15086025571042658,-0.4907863765359829,13.202219884960188,27.0,0.0017588095044741888,-0.09774362116822033,-1.1274303075309025,-0.050835904294220025,-7.266156804297513,-0.09774362116822033,-1.1274303075309025
2021-12-29,8,0.16021544852509165,-0.48166441026568085,25.318922799218434,115.0,0.011300110580631923,15,0.152527757552833,-0.44493728671408905,15.118812214738771,68.0,0.0054546462865315256,29,0.14817230583917831,-0.4243772821347298,7.753729586377518,116.0,0.007748472164711794,0.020560004579359248,-7.365082628361253,0.0367271235515918,-10.200110584479663,0.020560004579359248,-7.365082628361253
2021-12-30,7,0.1527608267881821,-0.4194826604574835,27.373603428871412,117.0,0.013561287710419269,14,0.1500626187595398,-0.5330442575943305,15.837266634235935,78.0,0.005848639711965304,28,0.15077454221388636,-0.4094712166080721,8.803562407401309,121.0,0.004975086373067989,0.12357304098625838,-7.033704226834626,-0.11356159713684699,-11.536336794635478,0.12357304098625838,-7.033704226834626
2021-12-31,6,0.14501676881877532,-0.4915577202941186,31.661834561437804,128.0,0.01589311711264277,13,0.14087492415843592,-0.4816118886962104,17.871345407241943,104.0,0.005731870342292556,27,0.14454037638434047,-0.5162231628489629,9.811219133306764,125.0,0.006484875851363486,-0.03461127415275245,-8.060126273935179,0.009945831597908183,-13.79048915419586,-0.03461127415275245,-8.060126273935179
2022-01-03,10,0.15198532660176606,-0.4142204373971681,22.568537132817987,108.0,0.015666751963554618,17,0.1507336952336659,-0.5148792600055198,13.011080287438196,49.0,0.0043235831379203815,24,0.1469513416823936,-0.45794990782154005,10.549631667408342,129.0,0.003799739735508929,0.05692935218397971,-2.461448620029854,-0.10065882260835168,-9.557456845379791,0.05692935218397971,-2.461448620029854
2022-01-06,7,0.15878509738988827,-0.584566852156599,29.70119486267649,121.0,0.007728992193864605,14,0.16124270627152154,-0.5035545615729637,15.92892496753866,65.0,0.004054824739174781,28,0.1873087249041517,-0.3102843270576894,7.234329708533773,19.0,0.004411008917888788,0.19327023451527436,-8.694595259004887,0.08101229058363524,-13.772269895137832,0.19327023451527436,-8.694595259004887
2022-01-07,6,0.1539740093454063,-0.4927491969790576,32.9033677291893,123.0,0.013766226679102322,13,0.15105784805455771,-0.47678716881519123,18.677557815114596,87.0,0.0064683085409699475,27,0.1858872628325121,-0.43710328193602066,4.903313720687053,21.0,0.004139116091187617,0.03968388687917057,-13.774244094427544,0.015962028163866382,-14.225809914074702,0.03968388687917057,-13.774244094427544
2022-01-10,10,0.15484859539787812,-0.5366236864996996,22.898164121191286,94.0,0.0067003285744490085,17,0.15033586312284805,-0.4619976323255993,13.780371899195764,126.0,0.0057029239358356455,24,0.18841774892617272,-0.32361353195963494,5.354333366099139,32.0,0.0060646778040688055,0.13838410036596438,-8.426038533096625,0.07462605417410029,-9.117792221995522,0.13838410036596438,-8.426038533096625
2022-01-12,8,0.1414752029914414,-0.46629428057520195,29.637056342421232,94.0,0.005182740585461486,15,0.1431258889684516,-0.4361031040213922,16.32910786923401,122.0,0.006970611598731846,22,0.17517229259779593,-0.29333727535173837,8.742301707887437,39.0,0.004678342610542164,0.14276582866965382,-7.5868061613465745,0.030191176553809762,-13.30794847318722,0.14276582866965382,-7.5868061613465745
2022-01-19,8,0.1518464734757139,-0.4201746784479963,30.513827004590162,132.0,0.008668271064226246,15,0.1842382020112737,-0.1754897783497803,11.474008659795636,81.0,0.005173149108442191,36,0.1715410297880614,-0.16411297047703005,2.594527337043831,117.0,0.004900116579891997,0.01137680787275025,-8.879481322751806,0.24468490009821597,-19.039818344794526,0.01137680787275025,-8.879481322751806
2022-01-20,7,0.15521597003818072,-0.481568450732214,32.37580454606999,133.0,0.01709127928525432,14,0.18727278111614384,-0.16645553789225465,13.288421856695976,92.0,0.005671804593403222,35,0.17035219779214636,-0.15632087061711253,3.9218583782946714,113.0,0.003147280880715924,0.010134667275142117,-9.366563478401304,0.31511291283995935,-19.087382689374017,0.010134667275142117,-9.366563478401304
2022-01-25,9,0.2591238173287691,-0.41028692304178493,12.998651213834558,128.0,0.01795270731073852,16,0.23475324225283614,-0.3858163195797258,7.8804673550391335,95.0,0.010027878080936234,30,0.20731316333248473,-0.16787930589389455,4.1950836861325875,144.0,0.014948207878465744,0.21793701368583124,-3.685383668906546,0.02447060346205915,-5.118183858795424,0.21793701368583124,-3.685383668906546
2022-02-02,8,0.16553130371698563,-0.3965514685941536,24.67628165198094,121.0,0.0067517288809501395,15,0.16781611776606073,-0.31590501525030046,12.723861029300535,71.0,0.005791285855846715,22,0.16414275158157127,-0.27124820029023,8.001967756733602,134.0,0.0060491915435394086,0.04465681496007046,-4.721893272566932,0.08064645334385312,-11.952420622680405,0.04465681496007046,-4.721893272566932
2022-02-16,8,0.20501388946044471,-0.5619215312257357,21.007051647261314,132.0,0.008369737537368896,15,0.19640918504662536,-0.6301576755365011,12.192836583682013,98.0,0.006150165493561052,36,0.1883945941577091,-0.440449377423169,4.982991603927201,22.0,0.008446132584881708,0.18970829811333217,-7.209844979754812,-0.06823614431076541,-8.8142150635793,0.18970829811333217,-7.209844979754812
2022-02-21,10,0.2226950294170277,-0.9776862403097334,14.099191382876608,116.0,0.007536571128512256,17,0.23433938249060945,-0.9236720585935067,6.03252151889123,82.0,0.008957878076517536,31,0.21912059948300733,-0.547770342995627,0.4902408757226633,29.0,0.005842568147784183,0.37590171559787966,-5.542280643168566,0.05401418171622674,-8.066669863985378,0.37590171559787966,-5.542280643168566
2022-02-23,8,0.21769934889780262,-0.6977549369068491,17.986759799332123,117.0,0.010046339609453156,15,0.24168034333589308,-0.9830816531541344,4.866132695821278,92.0,0.007427753610127689,29,0.2211419360981905,-0.5966192504432393,2.7479910747238825,33.0,0.005401413914501071,0.38646240271089516,-2.118141621097396,-0.28532671624728534,-13.120627103510845,0.38646240271089516,-2.118141621097396
2022-03-02,8,0.33972066966026454,-1.0160761174390043,9.747928166702536,129.0,0.021132697306391515,15,0.3198087438118657,-1.0612511271896112,4.3735097065496085,67.0,0.01142772011191891,29,0.2698701068754046,-0.6563092216409276,2.4644527231687032,133.0,0.005394962503977457,0.4049419055486836,-1.9090569833809052,-0.045175009750606954,-5.374418460152928,0.4049419055486836,-1.9090569833809052
2022-03-03,7,0.2893700470345395,-1.1350659935798642,11.520852187987135,128.0,0.014611601681784407,14,0.2837810808411515,-1.0055760479821454,3.471290579760172,72.0,0.0058207565908471245,28,0.26229878157879644,-0.7231567698295304,2.5079706589082935,133.0,0.00452345821804417,0.282419278152615,-0.9633199208518786,0.12948994559771876,-8.049561608226963,0.282419278152615,-0.9633199208518786
2022-03-04,6,0.3006223570509955,-0.8434066531056282,14.754996711381132,129.0,0.029441107665006735,13,0.2831150912078927,-0.9295389397973495,5.021325865106297,92.0,0.004860559055526946,27,0.26500705122988777,-0.6798786989156634,2.5661552908280223,135.0,0.010130911073343853,0.24966024088168604,-2.4551705742782746,-0.08613228669172124,-9.733670846274835,0.24966024088168604,-2.4551705742782746
2022-03-07,10,0.3267592002406677,-0.616221035818949,4.018953168462451,110.0,0.0333838818119638,17,0.2988823381623314,-0.8507309611196718,10.046052929065247,61.0,0.012824281046617819,31,0.282304074259452,-0.6650554657779287,-2.0397571297799946,21.0,0.0227108065490382,0.1856754953417431,-12.085810058845242,-0.2345099253007228,6.0270997606027965,0.1856754953417431,-12.085810058845242
2022-03-09,8,0.2881604124616565,-0.8364997201539236,12.12287979844994,124.0,0.03146015233316472,15,0.26470299339325687,-0.7390899832916418,8.700121921305842,82.0,0.00810191275362335,29,0.25346593369459813,-0.4387355885396017,4.851283608824818,31.0,0.004368771869240971,0.30035439475204007,-3.848838312481024,0.09740973686228183,-3.4227578771440985,0.30035439475204007,-3.848838312481024
2022-03-10,7,0.2665810185547868,-0.8187565208032755,16.402232999202276,137.0,0.022169477002123645,14,0.25436914977777747,-0.7540437365724728,9.09523161509317,96.0,0.010692412805161353,28,0.2383240494488026,-0.547122973470341,5.9826623598044995,35.0,0.008073664332146556,0.2069207631021318,-3.11256925528867,0.06471278423080273,-7.307001384109107,0.2069207631021318,-3.11256925528867
2022-03-16,8,0.2477507106433111,-0.8698115485641269,14.946171534966515,126.0,0.009431168595696107,15,0.23512470335706714,-0.7613385802529333,8.759411816696872,148.0,0.011415932680783905,22,0.23252033986879855,-0.6041242051916345,7.362939560273652,52.0,0.0037892656108194,0.15721437506129887,-1.3964722564232197,0.10847296831119357,-6.186759718269643,0.15721437506129887,-1.3964722564232197
2022-03-30,8,0.17312579288784286,-0.5693661323562673,23.928760496980516,117.0,0.011485009189004079,14,0.186097192046022,-0.4631984808311207,10.02631046508857,85.0,0.005442250942614941,29,0.19428917367478785,-0.5200927209874866,2.3316304144605726,132.0,0.004656269852500449,-0.056894240156365905,-7.694680050627998,0.10616765152514662,-13.902450031891945,-0.056894240156365905,-7.694680050627998
2022-04-06,7,0.16833645599761532,-0.4032529275406245,29.587397609101366,115.0,0.00826425482148963,15,0.16798099021149604,-0.5016472808702679,13.690864741812703,80.0,0.0042802033653870815,22,0.1735888298383575,-0.5435974874213395,6.16590315770291,129.0,0.006164037164350017,-0.04195020655107162,-7.524961584109793,-0.09839435332964341,-15.896532867288663,-0.04195020655107162,-7.524961584109793
2022-04-13,8,0.14059282212027185,-0.34802318952918077,27.283676978036826,125.0,0.02575646585044829,15,0.15220578778566113,-0.33350685170190064,15.023874752831926,130.0,0.006549497350121036,22,0.15996113401453987,-0.3409786137067306,9.680370860487253,52.0,0.0045984153626917965,-0.007471762004829963,-5.343503892344673,0.014516337827280124,-12.2598022252049,-0.007471762004829963,-5.343503892344673
2022-04-21,7,0.16274511094405097,-0.4665195220841245,27.703784204311496,140.0,0.00920172086872838,14,0.15751601841125792,-0.5165555515835811,16.806924540310675,95.0,0.0045488163722678795,35,0.16537820332559167,-0.3858960896217265,5.32029794967967,131.0,0.005815820480757016,0.13065946196185463,-11.486626590631005,-0.050036029499456625,-10.896859664000822,0.13065946196185463,-11.486626590631005
2022-04-27,8,0.18877433653892525,-0.3478782570313812,21.175284733034836,124.0,0.016780772683779328,15,0.18589403610991428,-0.5013025345388404,11.985370840335314,87.0,0.01073782187707593,29,0.19193971778013103,-0.4643388076049521,5.4718718429862925,140.0,0.008053689239462257,0.03696372693388833,-6.513498997349021,-0.15342427750745924,-9.189913892699522,0.03696372693388833,-6.513498997349021
2022-05-04,8,0.23841182710308334,-0.29128459982836397,15.967203797920705,123.0,0.015727114138128974,15,0.22082646397656852,-0.4004362411885031,7.293011343829831,67.0,0.007199757100701542,22,0.2096843530137426,-0.4103748464921662,7.185650492899986,135.0,0.006452368663965885,-0.00993860530366314,-0.1073608509298456,-0.1091516413601391,-8.674192454090875,-0.00993860530366314,-0.1073608509298456
2022-05-11,8,0.20932385401736014,-0.4992962639348303,17.201615270328876,106.0,0.010481565260157675,15,0.20479014256560865,-0.5176967336867175,11.999551493585622,128.0,0.013935978546941143,22,0.20847330385728743,-0.2950858087015934,8.632556335690056,51.0,0.010862859814242051,0.22261092498512414,-3.366995157895566,-0.01840046975188725,-5.202063776743254,0.22261092498512414,-3.366995157895566
2022-05-12,7,0.22809025554291265,-0.7325063214171816,22.219671609914855,103.0,0.02041442939372579,14,0.22695594985306383,-0.7178329552242635,11.272601331544418,122.0,0.010753058163400948,21,0.22821969521861682,-0.5190794714562335,8.390950652509389,58.0,0.006109774852734394,0.19875348376803004,-2.8816506790350296,0.014673366192918147,-10.947070278370436,0.19875348376803004,-2.8816506790350296
2022-05-23,10,0.23307504545871563,-0.7731961742623618,12.287791856635803,106.0,0.006796201407580166,17,0.2261045953905376,-0.685896029722276,7.096067730507872,78.0,0.007509480077351075,31,0.2199718724715073,-0.6234049430671378,1.8484819964466945,19.0,0.008390122529465607,0.06249108665513825,-5.247585734061177,0.08730014454008572,-5.191724126127931,0.06249108665513825,-5.247585734061177
2022-05-25,8,0.23436929757274505,-0.686156510392289,14.050158499290209,104.0,0.006148346069551117,15,0.2365528349718951,-0.6795475123628025,5.483771476647947,82.0,0.004450754884980325,36,0.22385267957442212,-0.5301668024236619,0.4374346886653333,116.0,0.006682362291948415,0.14938070993914065,-5.0463367879826135,0.006608998029486446,-8.566387022642262,0.14938070993914065,-5.0463367879826135
2022-06-01,8,0.19621306909457079,-0.40803179296179437,19.076240953130014,114.0,0.009048841688305746,15,0.18925624014634818,-0.39624661532278227,10.983703700898145,81.0,0.006653034187867878,29,0.18238505763416699,-0.46226116012015966,5.383904279014763,127.0,0.007034311210163848,-0.0660145447973774,-5.599799421883382,0.011785177639012101,-8.09253725223187,-0.0660145447973774,-5.599799421883382
2022-06-02,7,0.18440084768212228,-0.40788169181648715,21.42915709175025,130.0,0.01725644315976779,14,0.1844507096318935,-0.4310400147015767,11.80498710213336,85.0,0.0057344351723244875,28,0.17920346889370414,-0.49666737623901597,5.314330001433179,133.0,0.00975790397949215,-0.06562736153743925,-6.490657100700181,-0.023158322885089566,-9.624169989616888,-0.06562736153743925,-6.490657100700181
2022-06-07,9,0.19051661228602929,-0.3605317472044719,17.082318675018993,107.0,0.011057759152001587,16,0.1885763964310224,-0.47831429533772996,8.591247119554971,75.0,0.006266886713108222,23,0.18341814358437833,-0.48084026286145237,6.732333162100353,134.0,0.007535670020583357,-0.0025259675237224166,-1.858913957454618,-0.11778254813325806,-8.491071555464021,-0.0025259675237224166,-1.858913957454618
2022-06-08,8,0.1819064908446455,-0.21815520636231722,20.212163578881515,117.0,0.010768905899139803,15,0.18279279320202285,-0.4228888527167609,9.630929431813819,78.0,0.005106249818214081,29,0.18344833039027486,-0.39006528073147945,4.225196985588638,23.0,0.0013838508008503917,0.03282357198528146,-5.405732446225181,-0.2047336463544437,-10.581234147067697,0.03282357198528146,-5.405732446225181
2022-06-09,7,0.1715234485942854,-0.26760934971008354,23.536806896353642,125.0,0.028585178551843286,14,0.166970693612075,-0.44157637676550643,13.97266792344136,87.0,0.005538486280362516,28,0.17597136040088837,-0.5169403630824778,5.742111898342133,27.0,0.0020278969495955124,-0.07536398631697139,-8.230556025099228,-0.17396702705542288,-9.564138972912282,-0.07536398631697139,-8.230556025099228
2022-06-13,10,0.2239029931738284,-0.4822954174150249,14.692766482255852,106.0,0.008888117177957762,17,0.21893553236962232,-0.5241845970567207,7.303794463053383,125.0,0.008236282363046013,24,0.2156179457968738,-0.437474001783298,6.359847232625245,52.0,0.004934721929668505,0.08671059527342273,-0.9439472304281384,-0.041889179641695806,-7.388972019202469,0.08671059527342273,-0.9439472304281384
2022-06-15,8,0.23254394849850166,-0.580908296112821,14.013378478689587,107.0,0.005935352109481686,15,0.22137707765785297,-0.5065265524869192,9.188980300619832,121.0,0.007375451305329671,22,0.2188607478164081,-0.5132418188389918,6.3481585297148735,47.0,0.004530236430619312,-0.006715266352072535,-2.8408217709049586,0.07438174362590178,-4.824398178069755,-0.006715266352072535,-2.8408217709049586
2022-06-20,10,0.22282382600084938,-0.6542227068042716,15.185376766445383,124.0,0.016801254352040416,17,0.21781663388788874,-0.7329444241298883,8.570475411293208,89.0,0.0106770546845726,24,0.22189414690770884,-0.5997588839805201,5.451631923824622,33.0,0.004302833025328479,0.13318554014936812,-3.1188434874685855,-0.07872171732561661,-6.614901355152176,0.13318554014936812,-3.1188434874685855
2022-06-21,9,0.20355487033867378,-0.6562429903792173,19.025285557364555,137.0,0.014659349445081427,16,0.19765753671916675,-0.674020515507401,12.868596810261861,97.0,0.00789667385370262,23,0.20119201389148542,-0.5787294619685738,8.834572626224022,47.0,0.005931660704608254,0.09529105353882728,-4.03402418403784,-0.017777525128183758,-6.156688747102693,0.09529105353882728,-4.03402418403784
2022-06-22,8,0.20721380182615254,-0.5814054709482293,20.592267328055534,120.0,0.01195529670664716,15,0.205136990025769,-0.6285745595005521,10.649179340151726,93.0,0.006255028460177319,36,0.2037833843312868,-0.5164373059036249,2.841520944154235,115.0,0.006410700966831806,0.11213725359692717,-7.807658395997491,-0.047169088552322824,-9.943087987903809,0.11213725359692717,-7.807658395997491
2022-06-28,9,0.19996832432714273,-0.45952271419928026,16.78516034241124,118.0,0.014334380797661738,16,0.2016508523767981,-0.49823460789691937,8.421961552622353,88.0,0.0073862436891991064,30,0.20380829797420646,-0.41784959662062515,3.4909217952282456,129.0,0.006674873014642049,0.08038501127629422,-4.931039757394107,-0.03871189369763911,-8.363198789788886,0.08038501127629422,-4.931039757394107
2022-06-29,8,0.207867993548957,-0.519637435212756,18.0777640606105,114.0,0.006731314289766033,15,0.20805761504651718,-0.5499111192139949,8.279813733399319,88.0,0.006805461664192971,29,0.20953235382255234,-0.5060046023842901,3.3436230478393627,128.0,0.007718525834791904,0.04390651682970481,-4.936190685559956,-0.030273684001238976,-9.797950327211183,0.04390651682970481,-4.936190685559956
2022-07-06,8,0.18951860995721811,-0.5657152037831717,20.528693896664496,118.0,0.007122512077313174,15,0.19098998480782292,-0.561336018154871,10.31019157417957,84.0,0.00627025621142284,29,0.1906773730613298,-0.5430374729059385,5.399565617051084,25.0,0.0068245066665214285,0.018298545248932485,-4.910625957128485,0.004379185628300752,-10.218502322484927,0.018298545248932485,-4.910625957128485
2022-07-11,10,0.16628200617167638,-0.5058181044721813,18.71599299145995,110.0,0.00698580970247859,17,0.1638262101569824,-0.5315236103639986,11.340626421048903,135.0,0.006989873623918686,24,0.16743491457354834,-0.4793088325186076,8.820724968035579,51.0,0.005935119421495865,0.052214777845391025,-2.5199014530133237,-0.025705505891817304,-7.375366570411046,0.052214777845391025,-2.5199014530133237
2022-07-13,8,0.17940644219168936,-0.38108645326953483,21.19310663205254,117.0,0.01088225042031511,15,0.17108193960721363,-0.5177008525366923,12.06713750789808,125.0,0.010200505044181714,22,0.1734371035548129,-0.5175954427905998,8.133352266429059,54.0,0.0050128059869437,0.00010540974609252185,-3.933785241469021,-0.13661439926715746,-9.12596912415446,0.00010540974609252185,-3.933785241469021
2022-07-20,8,0.1536679605685528,-0.5157316288026472,25.668165406038998,135.0,0.012661293015333515,15,0.14991833652261785,-0.5329818086488184,17.550081619937856,95.0,0.004001654673776662,29,0.15722299551710844,-0.4317196608540348,3.918517452543513,26.0,0.0021463262127404646,0.1012621477947836,-13.631564167394343,-0.017250179846171165,-8.118083786101142,0.1012621477947836,-13.631564167394343
2022-07-22,6,0.14679665074267456,-0.55326301394146,32.966094549842396,137.0,0.017035160633182264,13,0.15115283019849088,-0.4220888990039243,15.415211861839847,108.0,0.003948016450664316,34,0.15560466875314696,-0.39357860800452515,2.7358850292437706,116.0,0.006516610392665636,0.028510290999399168,-12.679326832596075,0.13117411493753572,-17.55088268800255,0.028510290999399168,-12.679326832596075
2022-07-26,9,0.17052904238432665,-0.37921418514310834,19.648253150383812,107.0,0.008436202445822247,16,0.17409622387781915,-0.34324584009646275,9.219851475014332,76.0,0.004054263546552519,30,0.17199914985758785,-0.31316903958894754,3.0122396519487618,123.0,0.008260374254530226,0.03007680050751521,-6.20761182306557,0.03596834504664559,-10.42840167536948,0.03007680050751521,-6.20761182306557
2022-07-27,8,0.17306810280787605,-0.4338524551356202,24.33059853572955,113.0,0.01673550169070703,15,0.17517274651622367,-0.3954148442624641,9.80314659162234,77.0,0.0053332180126195155,29,0.17051571602600407,-0.3880966266011949,3.8369918891514216,117.0,0.007814247836982124,0.007318217661269166,-5.966154702470918,0.038437610873156114,-14.52745194410721,0.007318217661269166,-5.966154702470918
2022-08-03,8,0.17418914451082934,-0.5234679049165974,23.49115587295389,116.0,0.008623237524698797,15,0.17015495799444327,-0.4423905184526038,13.042278337159035,80.0,0.004871377221172442,29,0.1638173835646514,-0.5206313546908532,8.687277943816282,29.0,0.0021942552557930135,-0.0782408362382494,-4.355000393342753,0.08107738646399365,-10.448877535794855,-0.0782408362382494,-4.355000393342753
2022-08-04,7,0.17793654020872343,-0.5200454838491482,24.940292973053044,126.0,0.01822522169021888,14,0.17630734676882184,-0.4526893010829059,12.276482459155035,87.0,0.004292916813627729,28,0.16946294028573938,-0.5412394152307947,9.856699862377845,40.0,0.0030317739510272268,-0.08855011414788877,-2.419782596777191,0.06735618276624228,-12.663810513898008,-0.08855011414788877,-2.419782596777191
2022-08-12,6,0.12172493114672302,-0.5889178755624653,43.018945842156185,118.0,0.006715371817249276,13,0.13501528764499118,-0.5124949883347447,19.785321079707362,127.0,0.008972087524884667,27,0.15203445047847824,-0.4359889019029316,7.923625424276608,38.0,0.006370962675465932,0.07650608643181311,-11.861695655430754,0.07642288722772062,-23.233624762448823,0.07650608643181311,-11.861695655430754
2022-08-17,8,0.1334257455913629,-0.6399309383849288,36.22825978097536,125.0,0.010125856638642648,15,0.14248905568406842,-0.4270115663354261,15.57509312165436,88.0,0.0035472680948013544,22,0.14656947001117945,-0.34037886914993953,10.28273827437299,47.0,0.0032048115710960057,0.08663269718548655,-5.29235484728137,0.21291937204950268,-20.653166659320995,0.08663269718548655,-5.29235484728137
2022-08-18,7,0.13175561667754462,-0.47416865156691657,36.5650500447887,126.0,0.01353453058155079,14,0.13776200067644248,-0.3563777509409958,16.24316297374328,92.0,0.004018924052490002,28,0.15036885742179762,-0.40513189234581126,8.878184397567734,32.0,0.00391923580173108,-0.04875414140481549,-7.364978576175547,0.11779090062592079,-20.321887071045417,-0.04875414140481549,-7.364978576175547
2022-08-22,10,0.16887260166785947,-0.47295140150720005,22.749131541180432,113.0,0.017864096957611344,17,0.16327926627371284,-0.38626444408828153,13.342584034445196,77.0,0.003394463102263846,24,0.1602443619175827,-0.3639605005198839,10.840950815832999,37.0,0.005834456968639784,0.022303943568397655,-2.501633218612197,0.08668695741891852,-9.406547506735237,0.022303943568397655,-2.501633218612197
2022-08-24,8,0.1529446564102772,-0.45083524322416113,29.681139810547016,111.0,0.005641283227565541,15,0.15206959327167208,-0.3218087133353005,16.461256787713815,81.0,0.004819617144034847,29,0.1639294375955491,-0.2480947672751645,5.762203006328766,17.0,0.004415299746417878,0.07371394606013598,-10.699053781385048,0.12902652988886065,-13.219883022833201,0.07371394606013598,-10.699053781385048
2022-08-26,6,0.15618804740176923,-0.4835469355909503,31.92751170986805,125.0,0.017723276788219257,13,0.14934416338731102,-0.40806176244967096,17.829440397935848,100.0,0.00753079415663121,27,0.1531323685116139,-0.4684584196568835,9.075819017422731,29.0,0.005826895623195905,-0.060396657207212545,-8.753621380513117,0.07548517314127934,-14.098071311932202,-0.060396657207212545,-8.753621380513117
2022-08-29,10,0.17318998027825494,-0.4981661398564523,20.043658090277237,110.0,0.01168104280221502,17,0.1691860738404678,-0.48412531025067906,12.22134336322897,81.0,0.002232283148955688,31,0.1666492951179868,-0.4536476193795858,6.013003069203249,139.0,0.007250882904959699,0.030477690871093255,-6.208340294025721,0.014040829605773242,-7.822314727048267,0.030477690871093255,-6.208340294025721
2022-08-30,9,0.15685595499696037,-0.48533177942189387,24.97827897507974,121.0,0.0057947115658214,16,0.15555738003597305,-0.3963053800862312,15.859007514477481,86.0,0.007978339905860011,30,0.15501671435968553,-0.4303329260776053,7.741000878726693,129.0,0.005019228917242316,-0.03402754599137414,-8.118006635750788,0.0890263993356627,-9.119271460602258,-0.03402754599137414,-8.118006635750788
2022-09-02,6,0.16731970434786997,-0.45916369087788667,28.705876982364902,125.0,0.010454253931150105,13,0.1685402762757138,-0.48849654943239296,14.491152222400325,103.0,0.006283532985509302,27,0.1684435847114668,-0.4515365014172708,7.102975152444064,126.0,0.006408436080083176,0.03696004801512215,-7.388177069956261,-0.02933285855450629,-14.214724759964577,0.03696004801512215,-7.388177069956261
2022-09-05,10,0.18005070505882337,-0.6180542843815093,17.34341064614033,103.0,0.007043312630220861,17,0.17732330177840272,-0.6342224010374612,10.021430998859849,70.0,0.005568761413272251,31,0.17489217148105124,-0.6220810880807717,5.780744047718641,14.0,0.0032801606650276535,0.01214131295668952,-4.240686951141208,-0.01616811665595186,-7.321979647280482,0.01214131295668952,-4.240686951141208
2022-09-07,8,0.16912267262959396,-0.41847211693535247,22.93330930873592,110.0,0.0071615570878222875,15,0.17208401003301027,-0.5121797320583499,11.827205859995455,75.0,0.005857279350999999,22,0.16976840040823865,-0.46270267897076534,8.452978936691082,119.0,0.007217675265887815,0.049477053087584544,-3.3742269233043736,-0.09370761512299741,-11.106103448740466,0.049477053087584544,-3.3742269233043736
2022-09-09,6,0.1451256734720699,-0.5012359049418527,36.173863721742585,124.0,0.013197055617330755,13,0.14972373251532278,-0.4525375294115105,15.26214103130126,109.0,0.005967253387262439,27,0.15701580271400825,-0.4397514889847415,8.36277319976369,30.0,0.003451545832332997,0.012786040426769008,-6.899367831537569,0.048698375530342175,-20.911722690441323,0.012786040426769008,-6.899367831537569
2022-09-13,9,0.15161695549820686,-0.5419755405856566,24.190707127734253,99.0,0.005088068346951737,16,0.15013539006041116,-0.4908157605326451,14.490363202050203,116.0,0.008599986323502071,23,0.15677243054507267,-0.44724473850098956,11.107473619908735,36.0,0.004879657276202006,0.043571022031655526,-3.382889582141468,0.05115978005301147,-9.70034392568405,0.043571022031655526,-3.382889582141468
2022-09-14,8,0.17022258078518407,-0.7350908462037431,27.19367309926815,113.0,0.015857355416971915,15,0.16415010339940478,-0.5115135695425195,14.069315778944741,122.0,0.008822667004834694,29,0.16785594296142958,-0.5436967261747809,7.620142763549163,14.0,0.009042339900078073,-0.032183156632261456,-6.449173015395578,0.22357727666122362,-13.124357320323409,-0.032183156632261456,-6.449173015395578
2022-09-16,6,0.17816884715254624,-0.2710069637867172,29.76653119004372,131.0,0.014918605206219383,13,0.18684497137877967,-0.3996049990764814,14.016531049629718,136.0,0.014079136126693067,27,0.18855820681755425,-0.27098572005907207,4.67739885788721,22.0,0.003626803242081132,0.12861927901740933,-9.339132191742507,-0.1285980352897642,-15.750000140414004,0.12861927901740933,-9.339132191742507
2022-09-21,8,0.19509644266615853,-0.5270336225283804,18.833309383489123,124.0,0.009506330025605594,15,0.19038098203637974,-0.5134190302023882,8.758764824434877,80.0,0.005125575522858279,29,0.18466995734391572,-0.2556272967817803,5.676415905420683,18.0,0.0039062958793237975,0.2577917334206079,-3.082348919014194,0.013614592325992159,-10.074544559054246,0.2577917334206079,-3.082348919014194
2022-09-22,7,0.17281103448226293,-0.3620506724204422,24.830785933022895,134.0,0.019441234158975067,14,0.17267388702219136,-0.3468361509703384,12.86450028417961,93.0,0.007514679434194105,28,0.18171952701358,-0.22985817004952813,4.791521437322168,24.0,0.0040237750714066595,0.11697798092081024,-8.072978846857442,0.015214521450103824,-11.966285648843286,0.11697798092081024,-8.072978846857442
2022-09-26,10,0.2216395264341062,-0.3429543160641294,14.811025932962334,120.0,0.010222347645477642,17,0.21390955288745242,-0.3960605050504756,6.866035466724707,72.0,0.01029836593490094,31,0.20277494049936634,-0.28121224460062866,4.98343141701344,140.0,0.006965356574480472,0.11484826044984692,-1.8826040497112668,-0.05310618898634617,-7.944990466237627,0.11484826044984692,-1.8826040497112668
2022-09-28,8,0.20512676580371553,-0.24519926432128014,19.714918421766583,120.0,0.01260596138169165,15,0.21027419554060806,-0.5337332869988414,7.5894112917443195,79.0,0.010136050516634177,29,0.2078459194484572,-0.3600903859821983,4.619290472590263,138.0,0.00694223054627123,0.1736429010166431,-2.9701208191540562,-0.28853402267756123,-12.125507130022264,0.1736429010166431,-2.9701208191540562
2022-09-29,7,0.19410420864081207,-0.38259763571608896,22.132944089893943,139.0,0.01889622578480523,14,0.19968819649214298,-0.43744303322551925,8.731202463012742,88.0,0.006435334251520492,28,0.19536898762200322,-0.3746963369935997,6.2416809195369565,140.0,0.00813276771032619,0.06274669623191953,-2.489521543475786,-0.054845397509430294,-13.4017416268812,0.06274669623191953,-2.489521543475786
2022-09-30,6,0.17795876693667162,-0.5356276482468427,26.31661003721061,143.0,0.02156781774470737,13,0.18074029132383562,-0.46598029567436117,12.803590140611748,103.0,0.005925145968143594,27,0.18115863644078178,-0.38463397809164657,6.8026030626276714,149.0,0.008285335540730791,0.0813463175827146,-6.000987077984076,0.06964735257248156,-13.51301989659886,0.0813463175827146,-6.000987077984076
2022-10-04,9,0.1694958962747491,-0.46788722438309294,20.135445239498956,119.0,0.007882948707529642,16,0.1733904972958475,-0.5152364873390891,11.477217235307936,86.0,0.006905467758867752,23,0.17490472097629395,-0.4578793891608911,8.574929071405784,146.0,0.007835097477956729,0.05735709817819801,-2.9022881639021527,-0.047349262955996174,-8.65822800419102,0.05735709817819801,-2.9022881639021527
2022-10-06,7,0.160832592163147,-0.406041919376805,24.312514483647295,130.0,0.014318375553573836,14,0.16661739184792512,-0.4959418878571382,14.532261958583355,93.0,0.007291872560028319,28,0.1744635915007463,-0.5649649497717844,8.47690634239238,25.0,0.00499141441465777,-0.06902306191464613,-6.055355616190974,-0.08989996848033321,-9.78025252506394,-0.06902306191464613,-6.055355616190974
2022-10-07,6,0.1596131057454571,-0.3698222842252512,24.980646708992833,138.0,0.012514934564890999,13,0.15981325762190152,-0.3453545556586849,14.215632584620112,119.0,0.006923480358616766,27,0.1775640900407502,-0.49528792213131634,5.686361709457058,35.0,0.002696023475280652,-0.14993336647263145,-8.529270875163053,0.024467728566566316,-10.76501412437272,-0.14993336647263145,-8.529270875163053
2022-10-12,8,0.18600421142431434,-0.4007646042895997,19.687221838914663,122.0,0.00885935635327137,15,0.18643360271762002,-0.41106099335661694,10.719744431678308,135.0,0.012340881109538203,22,0.19157161522562782,-0.4103499063410715,6.999913839407914,42.0,0.0062379427130370615,0.000711087015545453,-3.7198305922703936,-0.010296389067017242,-8.967477407236355,0.000711087015545453,-3.7198305922703936
2022-10-17,10,0.1721411043752398,-0.4268119342498665,18.55734483046084,139.0,0.010955662455912972,17,0.17357943082786312,-0.5239899047962104,9.862431382276728,93.0,0.0065705004906278,24,0.1761246414207947,-0.45181853476735345,5.364373571667356,33.0,0.005722570313716104,0.07217137002885698,-4.498057810609373,-0.09717797054634392,-8.69491344818411,0.07217137002885698,-4.498057810609373
2022-10-19,8,0.15469982379554537,-0.39603256055367764,25.27621367000607,139.0,0.012607711935779366,15,0.15564047092885022,-0.49419362194997907,13.464332061993103,92.0,0.006083497604375098,36,0.15922995404141843,-0.38961531446071734,5.989860394687485,120.0,0.0068640795281967705,0.10457830748926172,-7.474471667305618,-0.09816106139630143,-11.811881608012966,0.10457830748926172,-7.474471667305618
2022-10-21,6,0.14139880500658472,-0.5223461327367682,31.674462520285104,142.0,0.02474711199710689,13,0.14283652719684262,-0.3512272233264966,16.769327774403596,112.0,0.009478890558542995,27,0.15987108857601584,-0.6607543263835487,5.495457513466233,28.0,0.003923268109789803,-0.3095271030570521,-11.273870260937363,0.17111890941027164,-14.905134745881508,-0.3095271030570521,-11.273870260937363
2022-10-24,10,0.1513235564925275,-0.4776280068306761,20.347113664296707,91.0,0.006863960681323071,17,0.1584852683625907,-0.5046377062614875,9.637524678899247,55.0,0.005024317314186722,31,0.15848163459645204,-0.5027939510873185,6.999753420359097,95.0,0.006536424344394446,0.001843755174169015,-2.63777125854015,-0.02700969943081144,-10.70958898539746,0.001843755174169015,-2.63777125854015
2022-10-25,9,0.14327267958721698,-0.4269920931927418,24.423796120170813,119.0,0.01387276385703182,16,0.14644615566787206,-0.41816321598910333,14.670558563927587,108.0,0.011225837295889947,30,0.15292330770644375,-0.4227693528356084,7.475566619313193,129.0,0.005819760749326124,-0.004606136846505071,-7.194991944614394,0.008828877203638452,-9.753237556243226,-0.004606136846505071,-7.194991944614394
2022-10-31,10,0.14009622712367942,-0.48202983030806235,22.626455795201498,106.0,0.0065197627450076096,17,0.14215724254077938,-0.43056496862826066,13.591573807366386,63.0,0.006497044539413925,31,0.1429374076838359,-0.509233044178874,8.712310437770977,21.0,0.003451810855085843,-0.07866807555061339,-4.879263369595408,0.05146486167980169,-9.034881987835112,-0.07866807555061339,-4.879263369595408
2022-11-02,8,0.15248707619371715,-0.45327393741737865,26.54740766274795,111.0,0.007207935485174921,15,0.15025954052892282,-0.3970579669552554,14.280557130957078,88.0,0.006287891627951578,29,0.1502769504135149,-0.44277778159570436,7.504290171468409,22.0,0.003617141535081888,-0.04571981464044894,-6.776266959488669,0.05621597046212323,-12.266850531790872,-0.04571981464044894,-6.776266959488669
2022-11-03,7,0.13307551510127902,-0.42809858869372586,32.09375734792318,122.0,0.007634396771645309,14,0.13607951813838687,-0.37126862372075253,17.549933236634292,101.0,0.0069545020679410595,28,0.1456652743823374,-0.4306464868206566,8.500021943882286,25.0,0.004030230764519178,-0.05937786309990406,-9.049911292752006,0.056829964972973324,-14.543824111288888,-0.05937786309990406,-9.049911292752006
2022-11-09,8,0.13440568744583492,-0.40715392991039856,30.475169643719024,107.0,0.00948301076135271,15,0.13363530509242363,-0.42800536142784373,18.442990959643467,125.0,0.012625505998395114,29,0.14926511539693274,-0.475517523420379,-4.076161832631615,15.0,0.004364341918816679,-0.04751216199253527,-22.519152792275083,-0.020851431517445174,-12.032178684075557,-0.04751216199253527,-22.519152792275083
2022-11-10,7,0.12928776826824118,-0.3844729434669334,33.06178829410473,114.0,0.009501475208161433,14,0.13267111339757257,-0.32050899132850064,18.460512932525553,131.0,0.007646477945064846,28,0.14154334377651728,-0.5197714935804729,8.19936561541531,19.0,0.004251076172599973,-0.19926250225197228,-10.261147317110243,0.06396395213843276,-14.601275361579177,-0.19926250225197228,-10.261147317110243
2022-11-11,6,0.11812374723350477,-0.5046762764929698,42.71331653852824,113.0,0.011112755383931364,13,0.11776645244817607,-0.4103598734943089,23.34432921047021,126.0,0.007498451099120527,27,0.12713316941973088,-0.35975663838968985,10.985648011535,32.0,0.004025820817668412,0.05060323510461906,-12.35868119893521,0.09431640299866084,-19.36898732805803,0.05060323510461906,-12.35868119893521
2022-11-16,8,0.12317272321927572,-0.46765214412532363,35.021054009496574,119.0,0.010917234306247317,15,0.12447023790910035,-0.40371445374418125,19.10431394322116,74.0,0.0075826487207582075,29,0.13485840178785882,-0.4401865575319581,8.459642174277688,17.0,0.006782035819638398,-0.03647210378777688,-10.644671768943473,0.06393769038114239,-15.916740066275413,-0.03647210378777688,-10.644671768943473
2022-11-17,7,0.11432435355934274,-0.5196217017061517,43.999662504128814,119.0,0.029613253528816413,14,0.11876866000661257,-0.39380581946367466,21.899141524067954,86.0,0.012972270823458303,28,0.12949416842374928,-0.6018839073602738,2.3724129838342436,16.0,0.006081725810402,-0.2080780878965991,-19.52672854023371,0.12581588224247708,-22.10052098006086,-0.2080780878965991,-19.52672854023371
2022-11-21,10,0.11862509725951993,-0.2329200558153819,28.57177781322947,95.0,0.004685812951256415,17,0.12156626617506026,-0.2930648279701501,17.128849466172653,63.0,0.006139655524753301,24,0.12517137162148967,-0.33552080202731316,13.007654891625636,30.0,0.003874690563827488,-0.04245597405716306,-4.121194574547017,-0.06014477215476821,-11.442928347056817,-0.04245597405716306,-4.121194574547017
2022-11-22,9,0.10763017361211474,-0.31599530774487605,35.1651091822643,94.0,0.007235554882556335,16,0.11067758944596574,-0.24495912355585447,21.34994497101365,65.0,0.005213386703733733,30,0.11604798454314796,-0.40506579237947943,12.37547867123942,16.0,0.003419494270212296,-0.16010666882362495,-8.974466299774228,0.07103618418902158,-13.815164211250654,-0.16010666882362495,-8.974466299774228
2022-11-23,8,0.11110712549024766,-0.40582212832848485,37.98504623037377,103.0,0.009583185199196018,15,0.10870405547643801,-0.2858287851590313,23.545045048357107,71.0,0.004272386057619937,29,0.11742989274080368,-0.4858842137732316,13.125095298239803,15.0,0.011116989985748114,-0.20005542861420028,-10.419949750117304,0.11999334316945354,-14.440001182016662,-0.20005542861420028,-10.419949750117304
2022-11-25,6,0.1089473622931988,-0.5408544130664734,48.12064253612358,114.0,0.0144612322916504,13,0.10240249760792658,-0.4065927359328163,27.52700876587071,93.0,0.005115416108200966,27,0.10877021297693232,-0.3944121255911251,10.40806735741669,25.0,0.0031667313537416366,0.012180610341691211,-17.11894140845402,0.1342616771336571,-20.593633770252872,0.012180610341691211,-17.11894140845402
2022-11-28,10,0.1139914513229071,-0.527990982698499,32.55901592919616,93.0,0.006041830222818542,17,0.11327328691705715,-0.5306360253369438,22.714739225846976,61.0,0.008073386018333106,31,0.1097660205152851,-0.3797045291928457,11.262086903095339,116.0,0.006469587835373018,0.15093149614409807,-11.452652322751637,-0.0026450426384447834,-9.84427670334918,0.15093149614409807,-11.452652322751637
2022-11-30,8,0.11381271416084728,-0.6335879005210727,41.474965981536904,99.0,0.01085820248741926,15,0.11279444030721666,-0.4278511863483896,26.0496316146571,74.0,0.006049725646952825,29,0.110101232181325,-0.40388737318696155,12.155404705024019,114.0,0.005499601651023435,0.023963813161428038,-13.89422690963308,0.20573671417268313,-15.425334366879806,0.023963813161428038,-13.89422690963308
2022-12-01,7,0.11193771737515806,-0.5127458894525401,45.94439751219371,116.0,0.017971163942895045,14,0.11068977348840235,-0.3295944149201242,26.563634575181396,81.0,0.005103969979827164,28,0.10723087548653462,-0.3123941428160325,12.166290814916051,122.0,0.007330206240783711,0.017200272104091696,-14.397343760265345,0.18315147453241587,-19.380762937012314,0.017200272104091696,-14.397343760265345
2022-12-07,8,0.12418951777551307,-0.25175679180549393,34.72080186349485,104.0,0.007610875919577784,15,0.12005786101456455,-0.2754376150149268,21.173688289911716,61.0,0.005041167818825315,29,0.12253268557130426,-0.31460070074299556,10.541961439020744,23.0,0.004495938993855165,-0.03916308572806876,-10.631726850890972,-0.023680823209432877,-13.547113573583133,-0.03916308572806876,-10.631726850890972
2022-12-12,10,0.11427308147358754,-0.3132066990924338,29.727908945025412,91.0,0.007199077165876777,17,0.11258739920390949,-0.32182692182859574,18.078663622225715,118.0,0.006866259493704732,24,0.11603512893329437,-0.3940615709150205,12.170200308891925,35.0,0.0032891923932928265,-0.07223464908642474,-5.90846331333379,-0.00862022273616192,-11.649245322799697,-0.07223464908642474,-5.90846331333379
2022-12-14,8,0.11027788022088267,-0.4735209408606751,40.09071785035462,97.0,0.012009914088575829,15,0.11160777093163829,-0.4101516202376576,21.94014084331906,121.0,0.008790002151766698,22,0.11142555983231543,-0.35604431185571417,15.340722343991283,39.0,0.004623009754046463,0.05410730838194344,-6.599418499327777,0.06336932062301748,-18.15057700703556,0.05410730838194344,-6.599418499327777
2022-12-16,6,0.12924185803638402,-0.2111224579226969,35.73603362581594,123.0,0.014141129711766955,13,0.12723425158708587,-0.24553487762463622,20.281691764959135,129.0,0.011709628704432552,27,0.12485550183960638,-0.4323642684462349,10.945234511480393,23.0,0.0027121517705935975,-0.18682939082159866,-9.336457253478741,-0.03441241970193931,-15.454341860856808,-0.18682939082159866,-9.336457253478741
2022-12-19,10,0.12798767694056468,-0.3262793828775985,25.869873898553667,125.0,0.018557154334167113,17,0.1203776657781003,-0.29129785247856177,18.02542538930894,79.0,0.007644208178654851,24,0.1215018895738044,-0.40806672679570166,15.228494806300304,25.0,0.003139140978171194,-0.11676887431713989,-2.796930583008635,0.03498153039903673,-7.844448509244728,-0.11676887431713989,-2.796930583008635
2022-12-20,9,0.13191658447627347,-0.28362341590641393,27.866529791513344,120.0,0.017892601230127002,16,0.12147527779527582,-0.20266141677025062,19.588770754266083,87.0,0.006475970923062682,30,0.12615584096092353,-0.45116711297619516,5.532282173153701,17.0,0.0024452847867787652,-0.24850569620594454,-14.056488581112383,0.08096199913616331,-8.277759037247261,-0.24850569620594454,-14.056488581112383
2022-12-21,8,0.15232770204166518,-0.44012513367938944,31.014516897405677,129.0,0.010427682846710012,15,0.1408272993011211,-0.2392730958843382,20.581236033114884,96.0,0.0068552237834885454,29,0.13655511940390153,-0.6296704763995502,10.689545571666276,19.0,0.004995405232187689,-0.390397380515212,-9.891690461448608,0.20085203779505123,-10.433280864290793,-0.390397380515212,-9.891690461448608
2022-12-26,10,0.1529570535239141,-0.3642884600641705,22.070429006542636,110.0,0.010644213304881826,17,0.14380166848341905,-0.4347831885063157,15.928293794044848,73.0,0.00520247075351286,30,0.14237843218743343,-0.4156391547329409,9.146439554233957,132.0,0.004778114702151221,0.019144033773374813,-6.78185423981089,-0.07049472844214522,-6.142135212497788,0.019144033773374813,-6.78185423981089
2022-12-28,8,0.1439239871730838,-0.45952506814992145,26.75540149650052,113.0,0.013835690007801934,15,0.13323785941103355,-0.5168517374447134,18.917723511084553,84.0,0.006380213617998786,28,0.13695184713970734,-0.40217536795971565,9.660974114982373,134.0,0.006762253491130644,0.11467636948499771,-9.25674939610218,-0.05732666929479191,-7.837677985415969,0.11467636948499771,-9.25674939610218
2022-12-29,7,0.14354040455545436,-0.3644574271710781,27.268242015611595,129.0,0.030298379347891827,14,0.12207944872131685,-0.3878825456457198,20.525636969831456,89.0,0.005752074994059072,27,0.13187228934349668,-0.3463218414610334,10.840724750316472,134.0,0.010694957645313995,0.04156070418468638,-9.684912219514985,-0.023425118474641682,-6.742605045780138,0.04156070418468638,-9.684912219514985
2022-12-30,6,0.14103551107518997,-0.2121513879328385,28.12549027645854,138.0,0.019039976765075847,13,0.12136042184162801,-0.18737375219496044,23.16683210928678,98.0,0.014893399518137247,26,0.1307410549196975,-0.34853523378668927,10.850454928306757,125.0,0.008780742696934647,-0.16116148159172883,-12.316377180980023,0.024777635737878057,-4.958658167171759,-0.16116148159172883,-12.316377180980023
2023-01-02,10,0.12575717620812657,-0.301165797565243,26.050556943408157,99.0,0.006434618110425325,17,0.12888580887285456,-0.4405127433767936,15.158679049121428,63.0,0.004459830640755835,23,0.1280061599135996,-0.34844815917741867,12.586282804054079,129.0,0.006584787527087683,0.09206458419937491,-2.572396245067349,-0.1393469458115506,-10.89187789428673,0.09206458419937491,-2.572396245067349
2023-01-04,8,0.13372969186511754,-0.06969924252366899,33.117903850535534,108.0,0.011485792588468442,15,0.1310414330682257,-0.31664078344743096,16.99070371613154,72.0,0.004720840589187904,29,0.14473489294607944,-0.383578323234494,8.474494505813098,29.0,0.003250201598561562,-0.06693753978706302,-8.516209210318443,-0.24694154092376197,-16.127200134403992,-0.06693753978706302,-8.516209210318443
2023-01-09,10,0.1250373652887698,-0.22555888772070742,26.356336029430377,101.0,0.008607517104405344,16,0.1267514317043873,-0.2989786813909414,16.761450044141892,129.0,0.008095107812600411,24,0.13743570407186578,-0.41829660322351836,11.83107103173856,41.0,0.005025473013924175,-0.11931792183257695,-4.930379012403332,-0.07341979367023399,-9.594885985288485,-0.11931792183257695,-4.930379012403332
2023-01-11,8,0.1385881633005618,-0.10341696469900297,29.144454060732023,103.0,0.007050067359815205,14,0.13984722299029875,-0.251892819856271,17.026505747390825,126.0,0.007872487696345515,22,0.1486548946756404,-0.4835606608482842,9.672600238850809,41.0,0.003596748208078612,-0.2316678409920132,-7.3539055085400165,-0.14847585515726802,-12.117948313341198,-0.2316678409920132,-7.3539055085400165
2023-01-12,7,0.13775021587818087,-0.01604473427180808,31.437526190085084,111.0,0.008756503918939958,13,0.13802355741642647,-0.22976843147074388,18.354185781042933,125.0,0.0066186813751992445,28,0.15197526980452059,-0.460723080327599,3.520698121555009,20.0,0.0038667630587225286,-0.23095464885685513,-14.833487659487924,-0.2137236971989358,-13.083340409042151,-0.23095464885685513,-14.833487659487924
2023-01-16,9,0.1446640363996374,-0.1673785364913798,23.342076292100828,134.0,0.012818790192710814,17,0.1456237456718693,-0.2675321252666747,14.427018582531339,79.0,0.0055021005492750154,24,0.14806357962131775,-0.3638495386180074,9.268185058111278,34.0,0.00329078630140452,-0.0963174133513327,-5.158833524420061,-0.1001535887752949,-8.915057709569489,-0.0963174133513327,-5.158833524420061
2023-01-18,7,0.13655639158688143,-0.46797997419476944,29.67690920131319,132.0,0.016393265005622264,15,0.13560051799987624,-0.4613797256271054,19.2225780791386,88.0,0.005502859775695133,36,0.13317674162241172,-0.39980042495883905,7.232122399856957,102.0,0.005901719276168606,0.061579300668266335,-11.990455679281643,0.006600248567664058,-10.45433112217459,0.061579300668266335,-11.990455679281643
2023-01-23,10,0.13157703619759245,-0.24294169328026016,25.442619700755642,110.0,0.007545739208072323,17,0.12658611232668987,-0.2815891604593981,17.311235687318483,70.0,0.006066651528376883,31,0.12722193922234995,-0.33557008220868806,7.290339823758263,105.0,0.004685519302525246,-0.05398092174928998,-10.02089586356022,-0.03864746717913792,-8.13138401343716,-0.05398092174928998,-10.02089586356022
2023-01-24,9,0.1274656761834412,-0.2823011351952319,28.814384450231987,107.0,0.01040426812975911,16,0.12565765209846033,-0.3008116418718578,18.221788992686914,70.0,0.005111194435602995,30,0.12749169834026805,-0.3548755977753239,7.164176951748296,104.0,0.005158374961218222,-0.05406395590346608,-11.057612040938618,-0.018510506676625904,-10.592595457545073,-0.05406395590346608,-11.057612040938618
2023-01-30,10,0.19910676745484948,-0.23310021478208032,18.410930417231967,114.0,0.014017602464582127,17,0.1843707125216193,-0.3718479211168241,11.084428524014552,84.0,0.007289998742502419,31,0.1594202346923811,-0.1419109896957468,14.999161211335384,19.0,0.017998137101311203,0.22993693142107727,3.914732687320832,-0.13874770633474376,-7.326501893217415,0.22993693142107727,3.914732687320832
2023-02-01,8,0.1899403616422168,-0.33621500470094223,25.025200451480856,113.0,0.018030442633866446,15,0.1714974400641159,-0.6385292711644222,14.908339093927193,86.0,0.007550537382555762,29,0.1517961316017175,-0.5587063566972386,15.538360376962224,30.0,0.008027681953334335,0.07982291446718359,0.6300212830350311,-0.3023142664634799,-10.116861357553663,0.07982291446718359,0.6300212830350311
2023-02-03,6,0.14495328275297958,-0.30150009723398086,33.24089353328584,113.0,0.028114970663354763,13,0.12674637940468753,-0.5632628485299227,21.57808241287321,98.0,0.006093796219836259,27,0.12906173541083438,-0.46654534956751975,13.378513704249464,47.0,0.007782735599365655,0.09671749896240295,-8.199568708623747,-0.26176275129594184,-11.66281112041263,0.09671749896240295,-8.199568708623747
2023-02-06,10,0.13353682596694816,-0.3863908008655993,25.38604139576327,97.0,0.006710314622524379,17,0.13229629909115437,-0.32789419449446044,14.272850535547303,118.0,0.006946919109391919,24,0.13425883897278304,-0.37116861987237276,12.174549427863978,58.0,0.0038027780990241684,-0.04327442537791232,-2.0983011076833247,0.05849660637113885,-11.113190860215969,-0.04327442537791232,-2.0983011076833247
2023-02-07,9,0.13014788191220034,-0.2645646943330717,27.64567483886759,96.0,0.006104959257783541,16,0.13014920211079667,-0.3018887263227845,15.35445594308133,116.0,0.008854714234242512,30,0.1260533652133028,-0.7061765969465992,19.3614904730432,11.0,0.0014899611412997774,-0.40428787062381466,4.007034529961871,-0.03732403198971279,-12.291218895786258,-0.40428787062381466,4.007034529961871
2023-02-08,8,0.11925731400808234,-0.4658860554027642,36.00578171872846,102.0,0.00887160258640145,15,0.11806149948303615,-0.34967862826046126,19.91784250353875,117.0,0.007688524354060985,29,0.1205574530991372,-0.3171501039389913,29.9816970635736,13.0,0.0013745156731084073,0.032528524321469965,10.063854560034848,0.11620742714230292,-16.087939215189706,0.032528524321469965,10.063854560034848
2023-02-09,7,0.11498754617623574,-0.41891062050841343,38.04677791763629,103.0,0.010234305670505643,14,0.11438288983204824,-0.2081764476214495,20.827652752784616,119.0,0.012646339048927799,28,0.11716719804355663,-0.34914270431720806,14.830241071874925,16.0,0.001583667273380928,-0.14096625669575857,-5.997411680909691,0.21073417288696394,-17.219125164851675,-0.14096625669575857,-5.997411680909691
2023-02-13,10,0.12383323891201707,-0.1347316321156682,25.50542421034265,114.0,0.010326797447114589,17,0.11649778154575026,-0.396910100105597,19.687817724963086,79.0,0.004846837846826061,24,0.11870286915468356,-0.34881273458934514,15.313148905963663,26.0,0.0029040133339645682,0.04809736551625188,-4.374668818999423,-0.26217846798992883,-5.817606485379564,0.04809736551625188,-4.374668818999423
2023-02-15,8,0.11679604848969977,-0.3370659091903394,32.11739761649277,115.0,0.01355767688562393,15,0.10687363706614787,-0.43700036108579543,25.575095431227354,85.0,0.004171926175162819,22,0.1071355580260701,-0.3792023529122832,19.232040570847158,29.0,0.0031202485609686456,0.057798008173512216,-6.343054860380196,-0.09993445189545602,-6.542302185265413,0.057798008173512216,-6.343054860380196
2023-02-20,10,0.12416203648986322,-0.2920877482532598,31.114402132982324,98.0,0.011539408223776795,17,0.11682975266647141,-0.2573916033327084,20.628092366655107,66.0,0.003975927269308967,31,0.11576985610413072,-0.43390082507211747,13.290701140580614,17.0,0.0016520864821354274,-0.17650922173940908,-7.337391226074493,0.0346961449205514,-10.486309766327217,-0.17650922173940908,-7.337391226074493
2023-02-22,8,0.14009164291580148,-0.14769084695737267,32.57366228107056,104.0,0.008704748174410876,15,0.13136580830987066,-0.3018682279430088,19.425083606745176,78.0,0.004753620871465564,29,0.12694028135015706,-0.40882235508704834,9.891261766646469,28.0,0.002463411055900309,-0.10695412714403951,-9.533821840098707,-0.15417738098563616,-13.148578674325385,-0.10695412714403951,-9.533821840098707
2023-02-23,7,0.12712560133357975,-0.0728801810832288,35.41402516834429,100.0,0.007579766318038276,14,0.12390889578503078,-0.35142110444733377,21.580744340229842,90.0,0.007591833103636679,28,0.12431012320183321,-0.4149459534070309,10.240843232403185,30.0,0.0025174678659873177,-0.06352484895969712,-11.339901107826657,-0.27854092336410496,-13.833280828114447,-0.06352484895969712,-11.339901107826657
2023-02-27,10,0.12545390916011392,0.08452848632404214,32.274896478043,90.0,0.019420113686254317,17,0.12276783541505129,-0.29144394427885545,18.28849089194959,65.0,0.005121648011021074,30,0.1151680022839867,-0.3276847951954336,12.019114930545555,108.0,0.005795155205935073,-0.03624085091657814,-6.269375961404034,-0.3759724306028976,-13.986405586093408,-0.03624085091657814,-6.269375961404034
2023-03-01,8,0.11188140017369239,-0.034715521842720753,35.904058978352246,103.0,0.015424848996069237,15,0.1105229261918517,-0.16355116010234882,23.077281237941428,83.0,0.00647703664447932,28,0.1087242746913572,-0.2841419065714762,13.251508170622905,114.0,0.005309640175809071,-0.12059074646912737,-9.825773067318522,-0.12883563825962807,-12.826777740410819,-0.12059074646912737,-9.825773067318522
2023-03-03,6,0.10546244464177218,-0.24538850961170078,43.33114919524748,108.0,0.020858019589360025,13,0.10047730899369241,-0.24886286243617983,26.171079424986043,91.0,0.006133813991096469,26,0.10247329127437275,-0.2714113625091916,14.252213607368757,114.0,0.010040009870102888,-0.02254850007301179,-11.918865817617286,-0.0034743528244790545,-17.160069770261433,-0.02254850007301179,-11.918865817617286
2023-03-08,8,0.11956114029623602,-0.3190522340407742,34.59748154749549,102.0,0.023209421051521337,15,0.10988700517961085,-0.44441444907416705,23.246883233685306,79.0,0.004297815649027389,29,0.10649466422579669,-0.4887523705770503,16.034453763845757,18.0,0.0014192160044227014,-0.04433792150288324,-7.212429469839549,-0.12536221503339284,-11.350598313810185,-0.04433792150288324,-7.212429469839549
2023-03-10,6,0.12638063419592385,-0.008290953517714139,37.66420660292422,110.0,0.0219441685824655,13,0.12000169904486026,-0.16086097267963706,22.948201770879848,102.0,0.010571027624297024,27,0.11859386563422826,-0.42309233933288076,13.403578542262855,32.0,0.0028638422791806175,-0.2622313666532437,-9.544623228616993,-0.15257001916192292,-14.71600483204437,-0.2622313666532437,-9.544623228616993
2023-03-13,10,0.16251188987269682,-0.3079436680442509,25.568860638134773,98.0,0.008110620077568714,16,0.1595519674851146,-0.4326452188532389,16.028751670669596,118.0,0.010018319951814417,24,0.14836403474078463,-0.43925314373558233,11.385608537899591,46.0,0.0047727053769323615,-0.006607924882343408,-4.643143132770005,-0.12470155080898804,-9.540108967465176,-0.006607924882343408,-4.643143132770005
2023-03-15,8,0.16541458662345795,-0.17690165370463407,28.928425989211966,110.0,0.01462731336383257,14,0.1592609810037807,-0.34594497602494445,18.243347371786122,113.0,0.00908579235328583,29,0.1463123476737602,-0.45812148706083766,11.748655631999451,16.0,0.0030418757900465628,-0.11217651103589321,-6.494691739786671,-0.16904332232031039,-10.685078617425845,-0.11217651103589321,-6.494691739786671
2023-03-17,6,0.14499281845017398,-0.012103920257713674,35.156952070182555,113.0,0.03351942659822885,12,0.1417162577540934,-0.2889540217139087,19.916677521061864,125.0,0.01278821456831788,27,0.13541126577015833,-0.46704859142144467,12.68603974260275,29.0,0.0030886657017616813,-0.17809456970753595,-7.230637778459114,-0.27685010145619504,-15.240274549120691,-0.17809456970753595,-7.230637778459114
2023-03-20,9,0.16321349515897787,-0.3333761386763262,24.741719218773284,115.0,0.014859512015433927,17,0.1533964776979088,-0.5354336148689613,14.732998645343264,75.0,0.010822938053208532,24,0.15397566926479897,-0.5879599670989343,10.29640112790198,33.0,0.009732476405905854,-0.05252635222997293,-4.4365975174412835,-0.20205747619263514,-10.00872057343002,-0.05252635222997293,-4.4365975174412835
2023-03-21,8,0.15314076686301845,-0.24664778681594302,25.1737353821618,122.0,0.019110647075013854,16,0.14019236522121448,-0.5221563028421664,16.530593844301574,86.0,0.007012689191047192,30,0.14144852820899198,-0.3075396102045601,8.506906556680029,16.0,0.003690611084198614,0.2146166926376063,-8.023687287621545,-0.2755085160262234,-8.643141537860227,0.2146166926376063,-8.023687287621545
2023-03-22,7,0.15146451530390126,-0.2346247685613061,27.13163988868493,126.0,0.01481060936970269,15,0.13809770279598083,-0.5158607369023739,16.838330442370484,86.0,0.006884658290286734,36,0.13483762021464527,-0.47923281600108075,8.00861630702096,119.0,0.0037956466364163295,0.03662792090129313,-8.829714135349525,-0.2812359683410678,-10.293309446314446,0.03662792090129313,-8.829714135349525
2023-03-27,10,0.13935213345041597,-0.3640889799030984,22.931415855245973,100.0,0.010137868623652091,17,0.13870879661926208,-0.6016481790180538,14.241348913463357,69.0,0.00611389147168139,31,0.14456707433204619,-0.5520166007653857,7.390309823953459,119.0,0.006893285500493448,0.04963157825266806,-6.851039089509898,-0.23755919911495538,-8.690066941782616,0.04963157825266806,-6.851039089509898
2023-03-28,9,0.1311818026231553,-0.13911511342516802,28.136470008189978,110.0,0.01418600833258373,16,0.13386301942688306,-0.45977741509050174,15.597347141527239,81.0,0.0049625917365445915,30,0.13978531734218652,-0.5353236635461651,7.343601631539492,115.0,0.004678356135179199,-0.07554624845566338,-8.253745509987747,-0.3206623016653337,-12.539122866662739,-0.07554624845566338,-8.253745509987747
2023-03-31,6,0.12547430316716404,-0.4960179628329373,38.80608208462469,113.0,0.019831314195204713,13,0.11409205782067587,-0.4623449455361812,24.282593987198325,99.0,0.005550503475740895,27,0.11362853091461446,-0.4704315279811141,14.38466034326947,129.0,0.006003730855204762,-0.008086582444932877,-9.897933643928855,0.03367301729675609,-14.523488097426366,-0.008086582444932877,-9.897933643928855
2023-04-03,10,0.10936508320087959,-0.3681155342283309,30.2756715161796,99.0,0.010478250044961604,17,0.10855260787121682,-0.3699609553543719,20.773467951774425,71.0,0.0042910032149327945,31,0.1165510399186293,-0.4273877706895157,11.947761565182846,21.0,0.006401165706646793,-0.05742681533514382,-8.825706386591579,-0.0018454211260410247,-9.502203564405175,-0.05742681533514382,-8.825706386591579
2023-04-05,8,0.10712657572915059,-0.5898402821154047,38.885217544229945,105.0,0.007897626040212042,15,0.10348613616362656,-0.4371183275360254,25.03157860092727,78.0,0.00464533368481968,29,0.10788252470294979,-0.39567590672293496,14.79362825184295,27.0,0.005519615518454819,0.041442420813090464,-10.237950349084318,0.15272195457937932,-13.853638943302677,0.041442420813090464,-10.237950349084318
2023-04-12,8,0.10316897961401147,-0.548326138413588,42.7007601718856,98.0,0.011105917146092355,15,0.10287137467002533,-0.5369975617036817,27.098427020071927,122.0,0.0064101874490621645,22,0.1051711812096007,-0.47181521488562617,19.630441574342257,56.0,0.002428471813029463,0.06518234681805557,-7.467985445729671,0.01132857670990628,-15.60233315181367,0.06518234681805557,-7.467985445729671
2023-04-13,7,0.09352963030538933,-0.5686584802483678,48.19397724215567,101.0,0.011457929851607871,14,0.09406233058710817,-0.5272775214999115,28.816047775921916,115.0,0.004711432981057924,28,0.10446372987744437,-0.40434667514119355,15.37972953459449,16.0,0.0015066270595250142,0.12293084635871793,-13.436318241327426,0.041380958748456376,-19.377929466233752,0.12293084635871793,-13.436318241327426
2023-04-17,10,0.11020200867464067,-0.5455379918228505,32.95831697838278,120.0,0.00913509288295096,17,0.10257101841955993,-0.4110101611866557,24.36362706772609,87.0,0.0053009428597717975,24,0.1082518755980856,-0.32503241696373647,16.686061855700103,23.0,0.0016596903509179927,0.0859777442229192,-7.677565212025986,0.13452783063619478,-8.594689910656694,0.0859777442229192,-7.677565212025986
2023-04-19,8,0.11142145038586994,-0.31866461508356925,34.40376104610834,122.0,0.013317650882120996,15,0.10205142820947655,-0.3774086708798874,24.458793771110326,81.0,0.005247688607031197,29,0.11164622714588138,-0.3016640604173909,19.26724535501554,11.0,0.003669963211003108,0.07574461046249648,-5.191548416094786,-0.05874405579631814,-9.944967274998017,0.07574461046249648,-5.191548416094786
2023-04-24,10,0.1013437106495351,-0.415137561358196,33.58565319407029,94.0,0.008597123615413661,17,0.09554971388279393,-0.37812524852279683,23.85461607981377,71.0,0.004026481423616454,31,0.10526839461177134,-0.3646463193835598,10.813259420806652,105.0,0.005396635806157856,0.01347892913923704,-13.041356659007118,0.037012312835399186,-9.73103711425652,0.01347892913923704,-13.041356659007118
2023-04-26,8,0.10154448029923635,-0.49811029463439804,42.43934029730214,93.0,0.013695094925244851,15,0.0965478042943427,-0.40938324832579454,25.936282601326894,79.0,0.00264914773141446,29,0.10215684861224059,-0.32935788150321393,13.149090106713528,109.0,0.0055575530515998535,0.0800253668225806,-12.787192494613366,0.08872704630860351,-16.503057695975244,0.0800253668225806,-12.787192494613366
2023-04-28,6,0.08489813154469904,-0.5797935328622628,64.44589395015447,110.0,0.021597637517716022,13,0.086887684059991,-0.5286763722432413,35.696157038757114,88.0,0.010101127020941871,27,0.08900555635548568,-0.31653847607497976,18.43488422754433,112.0,0.007156050394924389,0.2121378961682615,-17.261272811212784,0.051117160619021496,-28.749736911397356,0.2121378961682615,-17.261272811212784
2023-05-03,8,0.1017346516832967,-0.4306785347283688,40.75350348325706,102.0,0.008926669105386902,15,0.09887564851186387,-0.4087760576632201,26.246131096184538,76.0,0.003018730929192123,29,0.09995201881837731,-0.355181069170544,16.721704472965083,28.0,0.0032059607964666356,0.05359498849267613,-9.524426623219455,0.021902477065148696,-14.507372387072525,0.05359498849267613,-9.524426623219455
2023-05-05,6,0.10831693270481758,-0.2868365960012156,49.41564115168524,106.0,0.029008244406985104,13,0.10100590219198491,-0.4223222932672055,28.823588926178502,96.0,0.012918716976725567,27,0.10642656408256572,-0.44578949384787936,14.749000208576476,41.0,0.00392454680998065,-0.023467200580673864,-14.074588717602026,-0.1354856972659899,-20.59205222550674,-0.023467200580673864,-14.074588717602026
2023-05-08,10,0.1021130064771684,-0.5035489128923982,37.4263055091579,92.0,0.005101556800361274,17,0.09952804257679101,-0.41163606516853113,25.797014463625537,119.0,0.005273125141006852,31,0.1106689798576864,-0.4813319757265561,5.314089604743585,11.0,0.0032096780020870073,-0.06969591055802499,-20.48292485888195,0.0919128477238671,-11.629291045532362,-0.06969591055802499,-20.48292485888195
2023-05-09,9,0.10229818626017731,-0.5006892174589435,39.9545010888866,93.0,0.004823472329106755,16,0.09979173561666599,-0.3771555171828027,27.130160784444946,111.0,0.005128117133111085,30,0.10553965991484766,-0.9665551447441916,-22.994509678371948,13.0,0.002890644803243107,-0.5893996275613889,-50.124670462816894,0.12353370027614075,-12.824340304441655,-0.5893996275613889,-50.124670462816894
2023-05-10,8,0.10096381767570908,-0.5045278832771667,43.891198879669176,91.0,0.004920388224758029,15,0.10161391208798093,-0.4218825347394253,28.22847857089017,107.0,0.005272125816132401,29,0.12012827322909381,0.1456732574264405,13.698495957864454,21.0,0.016246796079102597,0.5675557921658658,-14.529982613025718,0.08264534853774141,-15.662720308779004,0.5675557921658658,-14.529982613025718
2023-05-11,7,0.10058119723619109,-0.576619595064922,47.46157454794174,100.0,0.010886750791293772,14,0.10012289729716561,-0.44990646335283957,29.60710660272261,111.0,0.004886229156263633,28,0.11086184634439183,-0.4518979167305642,16.314387379370306,22.0,0.003009933745262896,-0.0019914533777246057,-13.292719223352304,0.12671313171208243,-17.854467945219128,-0.0019914533777246057,-13.292719223352304
2023-05-15,10,0.10362099553847948,-0.5672981698966355,39.40220050333489,120.0,0.012740337176124576,17,0.10622343115750939,-0.5228005016218475,24.19218732826087,85.0,0.007080614680040651,24,0.10839795682695508,-0.5099170301564897,18.082739478285983,30.0,0.0027230836606603136,0.012883471465357843,-6.109447849974888,0.04449766827478796,-15.210013175074018,0.012883471465357843,-6.109447849974888
2023-05-16,9,0.10435976218972634,-0.5550800236335702,40.33857118502807,120.0,0.018299325877468704,16,0.10763796301906525,-0.443651918591243,23.687132230701046,85.0,0.006266720708383657,30,0.1154095335473591,-0.5166591252628592,-1.7909099648746991,14.0,0.001812745563315594,-0.0730072066716162,-25.478042195575746,0.11142810504232725,-16.651438954327027,-0.0730072066716162,-25.478042195575746
2023-05-17,8,0.1117590323343352,-0.31417513004054154,38.513589133777884,124.0,0.013722120447616887,15,0.10760800689667,-0.28397169770963715,24.155538418482458,88.0,0.005855553111459776,29,0.1155499598721808,-0.44385082903065226,11.880338832027409,24.0,0.004506574871792566,-0.1598791313210151,-12.275199586455049,0.03020343233090439,-14.358050715295427,-0.1598791313210151,-12.275199586455049
2023-05-18,7,0.10621098496721634,-0.5406324800110975,44.312676114253776,121.0,0.025647020984398146,14,0.1016177449520587,-0.2614325365615624,25.197889284445147,98.0,0.003953979194710533,28,0.11096579874790145,-0.387499383646117,12.461054206115968,23.0,0.0054264221843527,-0.12606684708455462,-12.736835078329179,0.27919994344953514,-19.11478682980863,-0.12606684708455462,-12.736835078329179
2023-05-22,10,0.10097031387673963,-0.4363479486622104,34.835622680245656,96.0,0.005344692622277917,17,0.10062460197493844,-0.4028231246502295,22.71098519146703,75.0,0.004707685723917576,24,0.10545563950681307,-0.4406688848282372,15.37820565564941,33.0,0.010660552469764311,-0.03784576017800767,-7.332779535817622,0.03352482401198087,-12.124637488778625,-0.03784576017800767,-7.332779535817622
2023-05-23,9,0.10177025241713779,-0.5154881645898608,38.500787211915274,98.0,0.00693770568056296,16,0.09941614869781829,-0.4894809609738463,25.619468413871065,73.0,0.003947772036400592,30,0.10245551922362586,-0.5862619221237196,11.601295706492877,13.0,0.0016151721696032906,-0.09678096114987333,-14.018172707378188,0.026007203616014496,-12.881318798044209,-0.09678096114987333,-14.018172707378188
2023-05-24,8,0.10488339655732588,-0.3462794499008277,39.47846376370086,104.0,0.00893877129179719,15,0.10392723728100495,-0.4396564266950823,25.091587078321275,76.0,0.0033573896158153806,29,0.1066600255522321,-0.49101848146271826,15.53479534648151,16.0,0.001714287516908653,-0.051362054767635945,-9.556791731839766,-0.09337697679425461,-14.386876685379583,-0.051362054767635945,-9.556791731839766
2023-05-26,6,0.09885947346391016,-0.6776489394419878,54.31569359091702,110.0,0.009596034011915121,13,0.09480341985819123,-0.48992938744412284,31.48640805820099,93.0,0.004220747811914536,27,0.09699896624095283,-0.1959891162144499,15.304587150084355,30.0,0.011430581021916087,0.2939402712296729,-16.181820908116634,0.18771955199786494,-22.829285532716032,0.2939402712296729,-16.181820908116634
2023-05-30,9,0.0992394386660925,-0.4961530657842945,41.1414745616164,94.0,0.005113375747820271,16,0.09778852886293693,-0.4692784072510915,27.06877443065761,69.0,0.0038434234183407356,30,0.09441646329458511,-0.38224412486975945,14.060819722717774,109.0,0.004920566937217779,0.08703428238133204,-13.007954707939835,0.026874658533203033,-14.07270013095879,0.08703428238133204,-13.007954707939835
2023-05-31,8,0.10300948812318397,-0.4545703912352408,42.48003544617499,102.0,0.01047728307065539,15,0.09679762360732595,-0.45990201144488563,28.156415537536194,77.0,0.005083759318344472,29,0.09566653524056737,-0.30213758631395216,13.795437432734554,109.0,0.006893875398029421,0.15776442513093347,-14.36097810480164,-0.005331620209644838,-14.323619908638793,0.15776442513093347,-14.36097810480164
2023-06-07,8,0.09414334236348781,-0.5032776280807956,46.147333287206685,99.0,0.006162369293478582,15,0.0919735435827683,-0.40147622083050516,29.58906722445873,63.0,0.0036965258943872587,29,0.09368404146490543,-0.6887513338952669,21.577303354353525,17.0,0.006422458101847689,-0.2872751130647617,-8.011763870105206,0.10180140725029041,-16.558266062747954,-0.2872751130647617,-8.011763870105206
2023-06-12,10,0.09723940304835225,-0.32904124713309413,35.33554588149879,92.0,0.007544849223101454,17,0.0963852917691328,-0.378795151380263,22.090142623258433,107.0,0.00733966439765229,24,0.09620350936698754,-0.3383018690426333,18.21503388457632,22.0,0.0037493313732256356,0.040493282337629666,-3.875108738682112,-0.049753904247168856,-13.245403258240355,0.040493282337629666,-3.875108738682112
2023-06-13,9,0.09181541984325547,-0.464123471776942,42.84851273597908,94.0,0.008703299141284569,16,0.09433315491480777,-0.39297418532924366,24.41594691823941,110.0,0.008411653964956916,23,0.09403376796063859,-0.3449386333490012,21.085784593552535,30.0,0.0028721276286635265,0.04803555198024245,-3.3301623246868743,0.07114928644769836,-18.43256581773967,0.04803555198024245,-3.3301623246868743
2023-06-14,8,0.09265492492228988,-0.5354577811385366,45.941799906493834,98.0,0.007444840626506968,15,0.09434817504292184,-0.41386663335847707,25.933738468340938,109.0,0.00820080062157193,22,0.0938927489835299,-0.3956896802973767,22.63898188636543,32.0,0.0027281649226461695,0.018176953061100343,-3.294756581975509,0.12159114778005953,-20.008061438152897,0.018176953061100343,-3.294756581975509
2023-06-19,10,0.10130417109900428,-0.4236197663565684,33.06445152701089,113.0,0.011328979693322297,17,0.09740818667841859,-0.36793781714856433,25.3566067510548,47.0,0.002802101854921188,24,0.09965744128785872,-0.4147951840211168,19.99031138832852,26.0,0.0025217771489014153,-0.046857366872552486,-5.36629536272628,0.05568194920800407,-7.707844775956087,-0.046857366872552486,-5.36629536272628
2023-06-20,9,0.10903610746501954,-0.41869413922826904,35.05772336123434,115.0,0.02428380600493026,16,0.09579805270300334,-0.4153853761678866,27.963817025542944,55.0,0.0035651636642552225,30,0.10529865537153958,-0.18310805382355488,16.07932124676184,15.0,0.004724144969248686,0.23227732234433174,-11.884495778781105,0.0033087630603824136,-7.093906335691393,0.23227732234433174,-11.884495778781105
2023-06-21,8,0.1018111944333656,-0.543373540478342,38.532597138039236,116.0,0.013317053981970672,15,0.09498028905016037,-0.365345092243908,29.507752988955886,62.0,0.003402416529972537,29,0.10113325502299879,-0.37387403998926333,15.959845852839905,19.0,0.0018916701750237212,-0.008528947745355342,-13.547907136115981,0.17802844823443398,-9.02484414908335,-0.008528947745355342,-13.547907136115981
2023-06-22,7,0.10352383056292255,-0.5903910271474961,42.123343075105254,124.0,0.022376453847204807,14,0.0944602503930668,-0.34770071955993376,30.69307877054578,75.0,0.00474171856611147,28,0.10612797395559057,-0.3362816575581878,14.558920417911704,23.0,0.0021907619521611427,0.011419062001745972,-16.134158352634078,0.24269030758756238,-11.430264304559472,0.011419062001745972,-16.134158352634078
2023-06-26,10,0.0995554152441376,-0.24035883859019158,35.88081033012948,91.0,0.007697304400420523,17,0.10088207032695479,-0.33587168149774016,23.06573547047102,70.0,0.0028345581449545285,31,0.10320176951617727,-0.29377669197796197,11.366928385072763,98.0,0.004211935893940118,0.04209498951977819,-11.698807085398256,-0.09551284290754858,-12.81507485965846,0.04209498951977819,-11.698807085398256
2023-06-27,9,0.08891996685515687,-0.33647313473642604,42.39830097743333,93.0,0.008062797870414714,16,0.08919202527248002,-0.34577662257771624,27.56991972850844,72.0,0.002921932003436205,30,0.0959246021085495,-0.24987893752053225,14.090525140413085,103.0,0.002913394246580762,0.09589768505718399,-13.479394588095357,-0.009303487841290203,-14.828381248924888,0.09589768505718399,-13.479394588095357
2023-06-28,8,0.08644660611050456,-0.6561984468355309,52.036036429325115,108.0,0.014201208363259736,15,0.09027054750170446,-0.44863833981225987,30.63109819995545,84.0,0.0036229392406969987,29,0.09495501803780351,-0.2866521411734039,16.081749964648033,108.0,0.00490964086578079,0.161986198638856,-14.549348235307416,0.207560107023271,-21.404938229369666,0.161986198638856,-14.549348235307416
2023-07-03,10,0.10383710152039013,-0.6279411222615869,43.67183342203588,105.0,0.005871980656670908,17,0.10002833496359081,-0.5015147565083633,29.973474807663237,83.0,0.0031539902554723587,31,0.10254792284662265,-0.43260879013866455,16.035077254413828,21.0,0.004891729860818789,0.06890596636969876,-13.938397553249409,0.12642636575322364,-13.698358614372644,0.06890596636969876,-13.938397553249409
2023-07-04,9,0.10749201401272063,-0.5449450631901116,43.77616800450144,106.0,0.009451658822802847,16,0.10459234489544929,-0.48553173372177516,28.077317106924546,86.0,0.002511174052156612,30,0.10615690310361714,-0.4987149012089812,15.782880686611232,23.0,0.002823369626877059,-0.013183167487206049,-12.294436420313314,0.05941332946833644,-15.698850897576897,-0.013183167487206049,-12.294436420313314
2023-07-05,8,0.10463440804329378,-0.6103632699171329,46.35235145926339,107.0,0.00797255147944587,15,0.10571527033546531,-0.4039033876963585,27.90504335899309,86.0,0.00388527327486306,29,0.10713229653702752,-0.4479193226997882,16.91753691808799,25.0,0.002078347913142097,-0.04401593500342971,-10.9875064409051,0.20645988222077438,-18.4473081002703,-0.04401593500342971,-10.9875064409051
2023-07-10,10,0.09947531281200966,-0.39357505428755934,36.39680821526674,104.0,0.005799860306566735,17,0.09805330911856715,-0.34853428356617466,24.274542421641815,117.0,0.004170544553467604,31,0.10295043926172195,-0.3411316210207656,12.934090671031372,13.0,0.002245339068089668,0.0074026625454090556,-11.340451750610443,0.04504077072138468,-12.122265793624923,0.0074026625454090556,-11.340451750610443
2023-07-11,9,0.09457738467614202,-0.40998861083083993,41.79075501503314,104.0,0.009820040891077339,16,0.09286455485336015,-0.3436515228754031,27.63868676283954,118.0,0.004804421344296394,30,0.10087174674836966,-0.26962600151530086,16.31566290021956,11.0,0.002960340895339378,0.07402552136010226,-11.32302386261998,0.0663370879554368,-14.152068252193601,0.07402552136010226,-11.32302386261998
2023-07-12,8,0.0970043678799565,-0.6959530279318913,50.057618898458266,111.0,0.019657312596067962,15,0.09295069576275626,-0.31874898964022025,29.187665717954218,112.0,0.004375559384733113,29,0.09982463461020559,-0.3007680669485774,14.70430533509533,14.0,0.003111297658381829,0.017980922691642864,-14.483360382858887,0.37720403829167104,-20.869953180504048,0.017980922691642864,-14.483360382858887
2023-07-13,7,0.09309350651136758,-0.5364776906525432,52.72020785269874,110.0,0.02441173276083831,14,0.09083928607045713,-0.31783000808363737,30.78049589565725,118.0,0.004599154076115479,28,0.09445972984349943,-0.41118778972104164,20.168886383199556,26.0,0.006011940973513517,-0.09335778163740427,-10.611609512457694,0.21864768256890588,-21.939711957041492,-0.09335778163740427,-10.611609512457694
2023-07-17,10,0.10343177090339681,-0.5403735782010657,38.81121421926029,132.0,0.007723225754564843,17,0.09973458780440243,-0.462353143079712,26.323768403958965,88.0,0.004596115454992643,24,0.09988728156003823,-0.4239214868418268,20.633598652966874,32.0,0.00217512733570126,0.03843165623788519,-5.690169750992091,0.0780204351213537,-12.487445815301328,0.03843165623788519,-5.690169750992091
2023-07-18,9,0.10750107813390287,-0.5209404391700192,40.49780522817721,134.0,0.011854327975199494,16,0.10701382379353191,-0.40570872558729554,26.4245292344482,84.0,0.0036804394279310406,23,0.10805241167190226,-0.30255348615435756,18.53741603439826,38.0,0.0031425313685549254,0.10315523943293797,-7.887113200049942,0.11523171358272366,-14.073275993729006,0.10315523943293797,-7.887113200049942
2023-07-19,8,0.10802039587201798,-0.4735156507118361,44.93004890060023,132.0,0.01572677599978092,15,0.10208191757641785,-0.37203815252723205,29.78499704855061,91.0,0.002270277322870912,29,0.09929414247196904,-0.38159168487435935,25.173259463390355,20.0,0.003152895161172743,-0.009553532347127303,-4.611737585160256,0.10147749818460405,-15.145051852049615,-0.009553532347127303,-4.611737585160256
2023-07-20,7,0.10725180381010829,-0.5743317922093827,48.86572470317532,130.0,0.008098036092661853,14,0.10504063189897261,-0.36999749646693525,28.503503982854415,99.0,0.003710136278502745,28,0.10552071271288901,-0.3553577792465878,19.802750300769958,33.0,0.004142458781542316,0.014639717220347459,-8.700753682084457,0.20433429574244744,-20.362220720320902,0.014639717220347459,-8.700753682084457
2023-07-24,10,0.11631247813745209,-0.34558312800290825,32.464438500956234,114.0,0.013680899257464497,17,0.11158279139122042,-0.1816828301761143,21.032790422665023,62.0,0.0024213034037002335,24,0.10746229926866722,-0.24530809137150145,18.545767623926128,34.0,0.0025181488443985784,-0.06362526119538714,-2.487022798738895,0.16390029782679394,-11.43164807829121,-0.06362526119538714,-2.487022798738895
2023-07-25,9,0.10920070951648189,-0.2425793404260761,34.73764442646859,108.0,0.006798879733392018,16,0.10610204541097171,-0.12898818407744506,23.92537822793844,64.0,0.0052151890527803585,23,0.10493176835240459,-0.0941763255265719,17.480813083133505,39.0,0.0036722952336395755,0.034811858550873154,-6.444565144804937,0.11359115634863104,-10.81226619853015,0.034811858550873154,-6.444565144804937
2023-07-26,8,0.10642855439152864,-0.3957725885499388,40.011669273565516,112.0,0.011639717518903771,15,0.10559851899347128,-0.18986377231725504,23.55929365157455,71.0,0.0027205833945262276,29,0.10622484121107566,-0.2512100241066021,6.903521123370012,18.0,0.0016091153917884326,-0.06134625178934705,-16.655772528204537,0.20590881623268376,-16.452375621990967,-0.06134625178934705,-16.655772528204537
2023-07-27,7,0.10891081842943509,-0.37065999484704926,43.73018387927064,119.0,0.01404388039971533,14,0.1020329042017745,-0.2216587734810792,28.049098360237796,83.0,0.008859502998896063,28,0.10281101012135906,-0.14096289602817424,17.262858974958803,27.0,0.003919666020940046,0.08069587745290496,-10.786239385278993,0.14900122136597005,-15.681085519032845,0.08069587745290496,-10.786239385278993
2023-07-31,10,0.10082414638741319,-0.25465634314058705,35.27319497167892,97.0,0.005150811819739303,17,0.09833437167741844,-0.13533807832338463,22.636990330912443,58.0,0.003681864298473413,31,0.09387172634631442,-0.1952772145404812,12.857457659084922,117.0,0.004559806347090936,-0.05993913621709657,-9.779532671827521,0.11931826481720242,-12.636204640766476,-0.05993913621709657,-9.779532671827521
2023-08-01,9,0.09930029809849271,-0.2923281971973446,38.270648779765885,102.0,0.007060116704481016,16,0.0932769376672756,-0.27082626089857453,27.331618520354677,56.0,0.007798771458600229,30,0.09053734200583613,-0.20125997188416345,14.165671572848362,112.0,0.0039799691891875075,0.06956628901441109,-13.165946947506315,0.021501936298770064,-10.939030259411208,0.06956628901441109,-13.165946947506315
2023-08-02,8,0.1135477972107394,-0.0885214501409275,37.5652845433163,102.0,0.007924704250132435,15,0.10247698090546241,-0.15998605064979587,26.601338007017546,71.0,0.006066103216622478,29,0.09932469956403384,-0.21203102253002504,13.943189551688956,126.0,0.005864978882900609,-0.05204497188022916,-12.65814845532859,-0.07146460050886838,-10.963946536298756,-0.05204497188022916,-12.65814845532859
2023-08-03,7,0.10655194931333076,0.014871631414111297,44.8767410222685,108.0,0.011097347563972612,14,0.09828808440040766,-0.09011710391965366,28.148444924377365,80.0,0.005196714320516457,28,0.09608095392011162,-0.17174237186140684,14.73960308913702,129.0,0.004772732875015218,-0.08162526794175318,-13.408841835240345,-0.10498873533376496,-16.728296097891132,-0.08162526794175318,-13.408841835240345
2023-08-04,6,0.10086944785307043,-0.22200993467589836,46.01196557070125,106.0,0.012828786699368962,13,0.09202125033959621,-0.10783762366423899,27.982951924388555,94.0,0.005899528715988309,27,0.08898081135667937,-0.23042434334741302,16.65555554294089,130.0,0.0037829183410574225,-0.12258671968317403,-11.327396381447667,0.11417231101165937,-18.029013646312695,-0.12258671968317403,-11.327396381447667
2023-08-08,9,0.09590524095506531,-0.16119217496355587,38.02451426228161,96.0,0.006606678818581718,16,0.09315078826314888,-0.265687060896462,24.489236063561535,61.0,0.00407860627516498,30,0.09686070480223079,-0.28567269264331036,-0.707916986606481,12.0,0.0011685875852224749,-0.019985631746848365,-25.197153050168016,-0.10449488593290612,-13.535278198720079,-0.019985631746848365,-25.197153050168016
2023-08-09,8,0.09815022454560754,-0.29011708144036663,41.54197861724204,100.0,0.01107864167001006,15,0.09059730142676095,-0.2944551901186878,26.707482450889167,68.0,0.003946395293222016,29,0.10244300954977296,0.1148211786926105,8.18788707623495,18.0,0.01446367501458584,0.4092763688112983,-18.519595374654216,-0.004338108678321184,-14.83449616635287,0.4092763688112983,-18.519595374654216
2023-08-10,7,0.09503937497927695,-0.1548625567786437,44.61690457707225,99.0,0.013041286177105173,14,0.08961237341825017,-0.1985393371832902,28.761039336599126,82.0,0.0044523131044107685,28,0.09140005547980397,-0.29432831652790703,20.339768613907133,23.0,0.0029873163009796174,-0.09578897934461683,-8.421270722691993,-0.04367678040464651,-15.855865240473122,-0.09578897934461683,-8.421270722691993
2023-08-11,6,0.09761125728411446,0.07692996429306875,48.869907712965826,101.0,0.013807506578394363,13,0.08896721450161678,-0.10430472547678171,29.868552272333535,89.0,0.005214224740989927,27,0.09207428742060496,-0.08441482173251591,19.256146216080914,27.0,0.007338183446202453,0.019889903744265802,-10.61240605625262,-0.18123468976985047,-19.00135544063229,0.019889903744265802,-10.61240605625262
2023-08-14,10,0.0945179321932419,-0.10424125928744998,35.08218547182371,90.0,0.006074681469525212,17,0.09783053351500406,-0.2670146095179343,22.0021554657771,125.0,0.009790850629415688,24,0.09378578704249016,-0.12554341035215377,20.095549820242596,41.0,0.0043454178927746865,0.14147119916578055,-1.9066056455345048,-0.16277335023048434,-13.080030006046613,0.14147119916578055,-1.9066056455345048
2023-08-16,8,0.09608454308443212,-0.050302978033579526,42.21166772145713,96.0,0.007815615843758781,15,0.09655958028778042,-0.2880818173390356,24.48159423174396,120.0,0.007637711015790893,29,0.09784248931112213,-0.3791351568471249,15.742872133793435,11.0,0.0006246976563794435,-0.0910533395080893,-8.738722097950523,-0.23777883930545607,-17.730073489713174,-0.0910533395080893,-8.738722097950523
2023-08-17,7,0.0951292279733092,0.06249437627240495,45.86157134639474,104.0,0.009513914422680767,14,0.09612933156672075,-0.2434969151030728,24.98050409702023,122.0,0.00619914397605784,28,0.09855086147023871,-0.2600101726143157,17.68215192802661,17.0,0.0021914621344557243,-0.016513257511242885,-7.29835216899362,-0.30599129137547776,-20.88106724937451,-0.016513257511242885,-7.29835216899362
2023-08-18,6,0.09942990411643454,0.10790688674394089,48.102152931257315,100.0,0.0181715309475785,13,0.09609903085974668,-0.203230323327102,25.83050280383151,122.0,0.008849954573746759,27,0.0977125952562048,-0.4905394786905031,16.746182886417113,30.0,0.006172674629122972,-0.28730915536340107,-9.084319917414398,-0.3111372100710429,-22.271650127425804,-0.28730915536340107,-9.084319917414398
2023-08-21,10,0.10070022058023737,-0.282892825464484,30.186611673910498,118.0,0.010409783723597825,17,0.09346067063759322,-0.3202663415600361,24.44676709015188,56.0,0.004102456981991252,24,0.09543469452808935,-0.3991832383770968,19.056080115868145,27.0,0.00309885416852865,-0.07891689681706071,-5.390686974283735,-0.03737351609555206,-5.739844583758618,-0.07891689681706071,-5.390686974283735
2023-08-23,8,0.10382554794736878,-0.35069392781239883,36.42809256845746,128.0,0.018676143670465578,15,0.09155234843587595,-0.327381763059729,28.10061479321838,60.0,0.003340920031064325,36,0.09748135286082174,-0.2903850565458139,11.823378223960901,103.0,0.004057181880501746,0.03699670651391507,-16.27723656925748,0.02331216475266984,-8.327477775239078,0.03699670651391507,-16.27723656925748
2023-08-24,7,0.11069323366926384,-0.24680724805202603,37.35042694738011,132.0,0.02707513931693862,14,0.09362891022395242,-0.28956006562352854,28.300341613873076,72.0,0.00440013806274663,28,0.09436571199404178,-0.7888628040271388,27.909849398272765,13.0,0.0015060319082003458,-0.4993027384036103,-0.390492215600311,-0.04275281757150251,-9.050085333507031,-0.4993027384036103,-0.390492215600311
2023-08-25,6,0.11940143022659834,-0.3086369065320702,37.36378870202432,132.0,0.027875419307724195,13,0.09885976317310234,-0.2332496957500516,27.72963166527166,89.0,0.005532684279789589,27,0.10121330269812587,-0.47879170230581364,13.019365950988082,27.0,0.004397248566720521,-0.24554200655576203,-14.71026571428358,0.0753872107820186,-9.634157036752661,-0.24554200655576203,-14.71026571428358
2023-08-28,10,0.10086711696871008,-0.24321314690604057,35.09537749840134,91.0,0.006752828417650892,17,0.10024371317882141,-0.37177478922112683,23.556654163670736,47.0,0.002593755403300605,31,0.10310297268276357,-0.31255966446958205,12.770886116468807,113.0,0.0066237352218293626,0.05921512475154478,-10.785768047201929,-0.12856164231508627,-11.538723334730605,0.05921512475154478,-10.785768047201929
2023-08-29,9,0.09699038748162567,-0.1747368267034547,38.717569932411024,93.0,0.006607591927052972,16,0.09582350746879664,-0.30949799096770736,26.44579185669233,49.0,0.0027589341252164694,30,0.1001173409969569,-0.25920697016054794,13.330307077511671,113.0,0.00690239534510845,0.050291020807159414,-13.11548477918066,-0.13476116426425266,-12.271778075718693,0.050291020807159414,-13.11548477918066
2023-08-30,8,0.09966387964528436,-0.30166489000053964,41.27133706468515,95.0,0.016280472544503252,15,0.09334108914465174,-0.3108388038107761,26.983792982710483,56.0,0.0034178667019341426,29,0.09759822888387389,-0.2687810298669272,13.903606715731685,113.0,0.0058129918238051205,0.04205777394384891,-13.080186266978798,-0.009173913810236467,-14.287544081974666,0.04205777394384891,-13.080186266978798
2023-08-31,7,0.09966494353855937,-0.2657158229682337,43.86175326060795,95.0,0.007724832917895596,14,0.09555006918127709,-0.4184843810964449,27.76816701391091,70.0,0.004457893726337884,28,0.10045431588889926,-0.2851037337803738,13.305382370557165,126.0,0.007441916383138885,0.13338064731607113,-14.462784643353746,-0.15276855812821122,-16.093586246697036,0.13338064731607113,-14.462784643353746
2023-09-01,6,0.0962297316098853,-0.4486114843414406,50.92472599342864,99.0,0.012817248554207976,13,0.08822053014871206,-0.3751469658742731,31.661230914585243,86.0,0.0042363475276006235,27,0.09404072523083751,-0.2903833225659014,15.291538876842232,120.0,0.005195456295982587,0.08476364330837172,-16.36969203774301,0.0734645184671675,-19.263495078843395,0.08476364330837172,-16.36969203774301
2023-09-04,10,0.08682044126446664,-0.5386961250343916,45.49709112790291,87.0,0.010730922617598383,17,0.08767403406482868,-0.44773939696245646,28.775814909017498,46.0,0.002244575824031681,31,0.09299283823933525,-0.35146750751134265,16.917834196248197,16.0,0.0011220500446664406,0.09627188945111381,-11.8579807127693,0.09095672807193511,-16.721276218885414,0.09627188945111381,-11.8579807127693
2023-09-05,9,0.08542238228927504,-0.4416726664837223,47.56807333624085,89.0,0.005377874331839021,16,0.08572427092367835,-0.43823177706741745,31.883528459010755,46.0,0.0026594488914068867,30,0.09056000962730283,-0.4366092196179443,16.878458257357032,16.0,0.002616655781536437,0.0016225574494731498,-15.005070201653723,0.0034408894163048265,-15.684544877230095,0.0016225574494731498,-15.005070201653723
2023-09-06,8,0.08610076357733554,-0.49963368796432617,51.12849698156032,92.0,0.009164509300782978,15,0.08590149826632634,-0.33737776741835357,31.76848306420108,57.0,0.007148233460201498,29,0.09263712342486527,-0.23339167108450365,16.605918066773718,20.0,0.007030974348879347,0.10398609633384992,-15.162564997427364,0.1622559205459726,-19.360013917359236,0.10398609633384992,-15.162564997427364
2023-09-07,7,0.08647133315243594,-0.48759507246477973,53.99831416974318,99.0,0.006644983391886954,14,0.08680607319596426,-0.4245529405451641,33.49366975318083,66.0,0.0030220079851919425,28,0.09033832549941484,-0.4479837940785953,20.260576340436415,27.0,0.007175122909834138,-0.023430853533431162,-13.233093412744417,0.06304213191961561,-20.50464441656235,-0.023430853533431162,-13.233093412744417
2023-09-08,6,0.09298282798788456,-0.6145368887235065,58.046204724219905,103.0,0.014581762022255949,13,0.08615499337254084,-0.4765471879574614,35.6346088403061,87.0,0.002908412820148917,27,0.09078736782491947,-0.40581521150329736,19.73769976543669,35.0,0.0016972842609707653,0.07073197645416407,-15.89690907486941,0.1379897007660451,-22.411595883913805,0.07073197645416407,-15.89690907486941
2023-09-11,10,0.09727631368413453,-0.6573412944562422,46.01084300409225,97.0,0.010110920017869562,17,0.09828015882566643,-0.44993147248574816,26.50925337384388,124.0,0.00538416009317566,24,0.08190904333173124,-0.6238201480820373,33.23504815613457,34.0,0.008947138768299993,-0.17388867559628918,6.725794782290688,0.20740982197049407,-19.50158963024837,-0.17388867559628918,6.725794782290688
2023-09-12,9,0.10560777311963851,-0.5090570843386255,44.726417110483,103.0,0.006522025857461715,16,0.10374404456884409,-0.4586337034597361,27.666370493649705,121.0,0.005809989198661793,23,0.10067401068530644,-0.39667556728967024,23.789960770431446,54.0,0.0025880963171322573,0.06195813617006585,-3.8764097232182593,0.05042338087888942,-17.060046616833294,0.06195813617006585,-3.8764097232182593
2023-09-13,8,0.10575306822975296,-0.5461986932232146,47.07582098981925,106.0,0.00737998271197137,15,0.1118712792880255,-0.47838776948679396,20.983220845127786,125.0,0.010517802754751436,29,0.10126237034524001,-0.49806223793344445,21.95390909649946,23.0,0.0022268114653624517,-0.019674468446650495,0.9706882513716728,0.06781092373642061,-26.092600144691463,-0.019674468446650495,0.9706882513716728
2023-09-14,7,0.09195325175041325,-0.5772262974464719,54.885495725641896,104.0,0.006426222840241912,14,0.10509636704399136,-0.4480508828344614,22.90244328813305,124.0,0.011933583868876975,28,0.09562495143489831,-0.41625351380895453,20.865598215212202,27.0,0.0030424764086649323,0.03179736902550684,-2.0368450729208476,0.12917541461201054,-31.983052437508846,0.03179736902550684,-2.0368450729208476
2023-09-15,6,0.09337041251079006,-0.6812652859420889,62.17857809579831,116.0,0.015948742103925974,13,0.10111817795670217,-0.5155460045895597,24.768925892075984,130.0,0.013015522076631121,27,0.09342771756538287,-0.45078340022128294,22.29936080952801,30.0,0.002356166899768089,0.06476260436827674,-2.469565082547973,0.16571928135252922,-37.409652203722324,0.06476260436827674,-2.469565082547973
2023-09-18,10,0.10769739079968993,-0.40968897741758736,28.204190929401243,126.0,0.016983930747624863,17,0.09610665147118422,-0.3827213335214087,28.093974974530607,77.0,0.0034682312970484583,24,0.09711769051455094,-0.45356413542983465,22.27265378994477,32.0,0.002778452470589595,-0.07084280190842596,-5.8213211845858375,0.026967643896178672,-0.11021595487063607,-0.07084280190842596,-5.8213211845858375
2023-09-20,8,0.1089573801471918,-0.45020248437863986,39.0332196083812,125.0,0.01424870771798359,15,0.10017048718438767,-0.2919883369477707,29.14870741920606,87.0,0.004879943575093725,29,0.10356006297831276,-0.25058460721396664,14.358446730057885,20.0,0.00590884755432836,0.04140372973380407,-14.790260689148173,0.15821414743086915,-9.884512189175144,0.04140372973380407,-14.790260689148173
2023-09-21,7,0.11040289756707022,-0.36983853177199766,38.44539145374666,127.0,0.013346363846428684,14,0.09781119998592872,-0.23701165085945897,27.551042331164126,97.0,0.004773886631198018,28,0.09873383237432486,-0.2784771866603509,19.334559004347007,36.0,0.005379180753945843,-0.041465535800891906,-8.21648332681712,0.1328268809125387,-10.894349122582533,-0.041465535800891906,-8.21648332681712
2023-09-22,6,0.11179192721095839,-0.23878916423249796,41.34955457760063,128.0,0.021528233202699813,13,0.09553260068868064,-0.18190531763391127,27.97384742198461,102.0,0.004911913014730694,27,0.09797549988822465,-0.23262817141551623,17.533787473193765,37.0,0.0026927394192530953,-0.05072285378160496,-10.440059948790843,0.056883846598586696,-13.37570715561602,-0.05072285378160496,-10.440059948790843
2023-09-25,10,0.10179188627977091,-0.2562978884470577,33.324596446164875,112.0,0.012133865040778425,17,0.09911499941379201,-0.22754677440970061,24.646163127563398,70.0,0.004765702215269341,31,0.0985335669332766,-0.29411445370999745,13.943548119267652,113.0,0.004237775673239859,-0.06656767930029683,-10.702615008295746,0.028751114037357084,-8.678433318601478,-0.06656767930029683,-10.702615008295746
2023-09-27,8,0.10257196047273201,-0.30785170037860055,38.95216323954901,111.0,0.01778450908234019,15,0.09931413646936768,-0.2565155759061847,24.757277766112725,83.0,0.003890608225081598,29,0.1033938462364916,-0.34345767896083845,14.584282432246159,115.0,0.00375335311775566,-0.08694210305465377,-10.172995333866567,0.05133612447241587,-14.194885473436283,-0.08694210305465377,-10.172995333866567
2023-09-28,7,0.11664158657387534,-0.1866620656704887,37.75548274603144,115.0,0.01404802940437693,14,0.11390561548601609,-0.2497491326769129,22.836633481231296,89.0,0.005338986467758719,28,0.11666889734568317,-0.3881500002622702,12.39037076233123,118.0,0.005039217361791987,-0.1384008675853573,-10.446262718900066,-0.06308706700642419,-14.918849264800144,-0.1384008675853573,-10.446262718900066
2023-09-29,6,0.09901947084742149,-0.22250009136951343,44.25717966728849,107.0,0.014436735633960227,13,0.09360245064945721,-0.25282359881423055,28.694394884973725,100.0,0.005792926248966672,27,0.10186291195660921,-0.45567384037429437,15.726714889567385,122.0,0.008498808852341644,-0.20285024156006382,-12.96767999540634,-0.030323507444717124,-15.562784782314765,-0.20285024156006382,-12.96767999540634
2023-10-03,9,0.10437651071560136,-0.08906302949108569,36.43666585339264,103.0,0.006083949324738089,16,0.10718797629939675,-0.2502546392946374,22.399591982576478,91.0,0.004475983010552555,30,0.11165416695200465,-0.34617514738147176,12.839783275866422,33.0,0.0038641027826149528,-0.09592050808683433,-9.559808706710056,-0.16119160980355174,-14.037073870816162,-0.09592050808683433,-9.559808706710056
2023-10-04,8,0.10221658054610892,0.04581807737934063,41.329209175572416,107.0,0.008005156001143399,15,0.10250187170004624,-0.1203503795256558,25.1730037335329,94.0,0.005303549504476875,29,0.10848030039287121,-0.361629964751252,14.182278507868146,44.0,0.003671072609089745,-0.24127958522559617,-10.990725225664756,-0.16616845690499643,-16.156205442039514,-0.24127958522559617,-10.990725225664756
2023-10-05,7,0.09687163450779536,-0.039867555970182766,42.15777580093608,108.0,0.009791882731119155,14,0.09427423670100998,-0.1534375862333448,26.317162277082048,93.0,0.005195422224261813,28,0.10037714428003539,-0.351346732153129,16.218085048977745,54.0,0.002619052606698243,-0.1979091459197842,-10.099077228104303,-0.11357003026316204,-15.840613523854032,-0.1979091459197842,-10.099077228104303
2023-10-06,6,0.09578068033111048,-0.17911882590398798,45.775299691314245,104.0,0.012050092709255998,13,0.08855805287728465,-0.19867584553875972,28.280537578610474,100.0,0.006120429397035893,27,0.09516576277360073,-0.3346563748143236,16.899394208376872,58.0,0.0027328431939783048,-0.13598052927556387,-11.381143370233602,-0.019557019634771744,-17.49476211270377,-0.13598052927556387,-11.381143370233602
2023-10-09,10,0.1093050558007547,-0.29526791537648045,32.0190701804254,103.0,0.006824089840459914,17,0.10887921192782776,-0.40265290470483117,19.441969614058394,115.0,0.005439642492977701,24,0.10735077986604613,-0.5274049530986198,15.90041752676323,54.0,0.004102986347035973,-0.12475204839378862,-3.5415520872951642,-0.10738498932835072,-12.577100566367008,-0.12475204839378862,-3.5415520872951642
2023-10-10,9,0.11158964155484871,-0.44865204211899423,34.00559028869898,100.0,0.007236262226148887,16,0.10606808715544624,-0.46497616654613017,21.97768890778552,116.0,0.004372596340820317,23,0.10364231348714831,-0.49279532618584776,20.277368280586,61.0,0.005153497355065172,-0.027819159639717594,-1.7003206271995204,-0.016324124427135933,-12.027901380913463,-0.027819159639717594,-1.7003206271995204
2023-10-12,7,0.10066944548263204,-0.3047794906342298,41.689813171664575,110.0,0.008459690151473945,14,0.09781943181312254,-0.32535915714577046,26.12594075562215,113.0,0.006687688319644391,28,0.0991372360130334,-0.4504170348247465,18.396443613882553,31.0,0.0017488992695080215,-0.12505787767897603,-7.729497141739596,-0.02057966651154064,-15.563872416042425,-0.12505787767897603,-7.729497141739596
2023-10-13,6,0.10668339814888576,-0.42221956598733246,44.72594281557258,104.0,0.014325155163080019,13,0.09787658578546679,-0.2942566791486433,28.158018819573467,122.0,0.011349209179792033,27,0.09984692904271136,-0.4446184493389207,17.57686283171992,35.0,0.002083625726893028,-0.1503617701902774,-10.581155987853545,0.12796288683868917,-16.567923995999113,-0.1503617701902774,-10.581155987853545
2023-10-16,10,0.10662645029712473,-0.3190772542258363,31.57843875014052,117.0,0.009115595324335068,17,0.10062477774584126,-0.527796290202757,25.309801319360254,77.0,0.0033758349473753586,31,0.10779820813566506,-0.25615290853367984,4.361876585695603,16.0,0.007085877229501069,0.27164338166907714,-20.94792473366465,-0.20871903597692065,-6.268637430780267,0.27164338166907714,-20.94792473366465
2023-10-17,9,0.10353497022180821,-0.4606881790303847,35.581106731631884,115.0,0.01058361885496299,16,0.0950499470032525,-0.5039661908057086,29.19212943195572,77.0,0.004769356025073823,30,0.1001200213501472,-0.3524102795843647,12.79025269773565,18.0,0.0023749555758015004,0.15155591122134388,-16.40187673422007,-0.043278011775323866,-6.388977299676164,0.15155591122134388,-16.40187673422007
2023-10-18,8,0.11015443943989359,-0.19888920470434046,36.87433901358647,122.0,0.015012980359108337,15,0.10190716390219813,-0.4970898064458934,27.56258294517957,83.0,0.00605017323590772,29,0.10255176577568523,-0.34836085635293207,16.286361983036535,25.0,0.0031567423926147347,0.14872895009296133,-11.276220962143036,-0.29820060174155294,-9.3117560684069,0.14872895009296133,-11.276220962143036
2023-10-19,7,0.1065887419059495,-0.26979597486970364,38.83120856637396,113.0,0.01288428813647456,14,0.0975236560456138,-0.40140763850216143,26.78774930096516,90.0,0.004411889502693657,28,0.09945806668176822,-0.4212861820757961,17.109354201206585,30.0,0.0028329826473605766,-0.019878543573634666,-9.678395099758575,-0.1316116636324578,-12.0434592654088,-0.019878543573634666,-9.678395099758575
2023-10-20,6,0.10463308999853364,-0.05776086046799078,44.30040180965463,115.0,0.015648724719785328,13,0.09730404674175357,-0.35058405575035556,27.428520764952857,92.0,0.003382091490082376,27,0.09975146793870036,-0.38717078353345663,15.853302091750537,34.0,0.0014009306081340788,-0.03658672778310107,-11.57521867320232,-0.2928231952823648,-16.871881044701773,-0.03658672778310107,-11.57521867320232
2023-10-25,8,0.1287856510082198,-0.09407239152149449,37.62620336637314,102.0,0.010974827686936936,15,0.12106714118284213,-0.29779206120768104,23.04598063237971,89.0,0.004052240191995391,29,0.11377463918920509,-0.4629494064902164,12.763989424986194,37.0,0.00438071005599231,-0.16515734528253534,-10.281991207393515,-0.20371966968618654,-14.58022273399343,-0.16515734528253534,-10.281991207393515
2023-10-26,7,0.1296137961737434,-0.0409138838570412,41.64916875941174,113.0,0.01263663277724161,14,0.12146492834793982,-0.23529410318057392,29.092437534676804,96.0,0.008613040599193407,28,0.1189413999222665,-0.4696087751067396,13.786984404789672,43.0,0.007409792206320253,-0.23431467192616567,-15.305453129887132,-0.19438021932353272,-12.556731224734932,-0.23431467192616567,-15.305453129887132
2023-10-30,10,0.11707041772498272,-0.38473849265421123,29.221353095086684,105.0,0.0072757127968098405,17,0.1124824457037607,-0.37347528229142046,21.894251778958377,73.0,0.004800671617265612,31,0.10380003355254204,-0.3491590639330169,12.14908917538456,126.0,0.005621889071413307,0.024316218358403585,-9.745162603573817,0.011263210362790765,-7.3271013161283065,0.024316218358403585,-9.745162603573817
2023-10-31,9,0.120864783931332,-0.24640055106182657,30.434081445988518,105.0,0.007328857084067692,16,0.11593320173363006,-0.3503029244033623,19.719187347772507,70.0,0.005902712705889646,30,0.10555097471562704,-0.307226561404547,12.232951461935826,125.0,0.0060540055281972024,0.04307636299881529,-7.486235885836681,-0.10390237334153574,-10.71489409821601,0.04307636299881529,-7.486235885836681
2023-11-01,8,0.12023757454827148,-0.09668085853075581,32.41620830904235,112.0,0.009013705492179044,15,0.11480979450201409,-0.2836858734688814,20.770550949990913,79.0,0.006550912187290572,29,0.10641902376604084,-0.2996807783135821,12.729341054792554,123.0,0.0068932153284779855,-0.015994904844700675,-8.041209895198358,-0.1870050149381256,-11.645657359051434,-0.015994904844700675,-8.041209895198358
2023-11-02,7,0.1088969457935668,-0.2483103338378323,36.943424218607554,109.0,0.012642775199760132,14,0.09999674598567947,-0.24008693139591153,25.633510465104397,94.0,0.004953820276782865,28,0.09610190969241655,-0.27844521237900244,14.57516888075866,124.0,0.005481182227583135,-0.03835828098309091,-11.058341584345737,0.008223402441920769,-11.309913753503157,-0.03835828098309091,-11.058341584345737
2023-11-03,6,0.10774171145083014,-0.23052332842555745,39.429416650090396,112.0,0.014589290214226301,13,0.09417542465276503,-0.19326556900142133,26.741411622472796,105.0,0.004885457202546697,27,0.09397785696456305,-0.2650671618440943,15.198094678322445,119.0,0.004253150888354582,-0.07180159284267296,-11.543316944150352,0.037257759424136117,-12.6880050276176,-0.07180159284267296,-11.543316944150352
2023-11-06,10,0.09792437288562682,-0.3154076338983842,33.45498737634411,104.0,0.009975361299457086,17,0.09339905566222721,-0.36047627112718206,25.114918696350347,80.0,0.003214259718699212,31,0.09947788828333451,-0.34172020005084924,13.014614470673155,15.0,0.002460684222947768,0.018756071076332814,-12.100304225677192,-0.045068637228797837,-8.34006867999376,0.018756071076332814,-12.100304225677192
2023-11-07,9,0.09830896202183095,-0.31212354040571033,34.96812457864119,102.0,0.008292389319248873,16,0.09266288677066385,-0.33648613193820043,25.916197126213454,76.0,0.002456724187125389,30,0.09965148426171623,-0.19663378286123306,15.42365813301193,22.0,0.003741381340331367,0.13985234907696736,-10.492538993201524,-0.024362591532490097,-9.051927452427734,0.13985234907696736,-10.492538993201524
2023-11-08,8,0.0986441236044349,-0.3202182712584096,38.16688205448078,105.0,0.008580760404972044,15,0.09217098848665686,-0.33012205660435123,27.90690263379107,80.0,0.00409772675711151,29,0.09543129774683595,-0.3686166106850102,18.491754815357254,23.0,0.0020640547208334,-0.038494554080658994,-9.415147818433816,-0.009903785345941607,-10.25997942068971,-0.038494554080658994,-9.415147818433816
2023-11-09,7,0.09618474091371629,-0.2934766012128802,41.65788217071056,108.0,0.011343212102616533,14,0.0899682013368947,-0.2900716918470295,28.321681957824985,84.0,0.0026163762240916442,28,0.09386353165169997,-0.4053115406940467,17.26828030606716,33.0,0.0019530032887825216,-0.11523984884701716,-11.053401651757824,0.0034049093658506946,-13.336200212885572,-0.11523984884701716,-11.053401651757824
2023-11-10,6,0.09789945971487606,-0.3570961495320695,43.13862286528168,103.0,0.013900996408953866,13,0.08666427839390989,-0.31276587745277995,30.067575879089073,91.0,0.00501111080029831,27,0.0902600399180726,-0.38156499567055835,19.5205143351784,64.0,0.004476920768423831,-0.0687991182177784,-10.547061543910672,0.04433027207928952,-13.07104698619261,-0.0687991182177784,-10.547061543910672
2023-11-15,8,0.09257471180341056,-0.42288330698678656,44.87724651920761,98.0,0.003656907779448989,15,0.09270175271606443,-0.4028122194857644,24.969889740695518,126.0,0.00798239782274995,29,0.0942761045908393,-0.3375423168233031,16.189608737050655,48.0,0.00251322699810433,0.0652699026624613,-8.780281003644863,0.020071087501022156,-19.907356778512092,0.0652699026624613,-8.780281003644863
2023-11-16,7,0.09193442316998206,-0.5392905649048587,52.248783858682515,102.0,0.011928638586629212,14,0.0912099579544016,-0.43500816951511334,28.531564787119194,127.0,0.012604865498155433,28,0.0956940975364363,-0.37022355726998246,17.073552818446444,56.0,0.0042053993733957885,0.06478461224513088,-11.45801196867275,0.10428239538974537,-23.71721907156332,0.06478461224513088,-11.45801196867275
2023-11-17,6,0.1004191586294988,-0.4739995193901727,50.978730640185915,109.0,0.007222038977681364,13,0.09371960016771849,-0.3551755502223357,28.447486227234094,126.0,0.010664478580819124,27,0.0989582057415245,-0.3358658743481672,16.160657882698178,54.0,0.002701171375842451,0.019309675874168486,-12.286828344535916,0.118823969167837,-22.53124441295182,0.019309675874168486,-12.286828344535916
2023-11-21,9,0.09806673884472211,-0.4676690254367226,36.93950992134228,123.0,0.00931908772483627,16,0.09952739068497626,-0.3856348679215993,25.51886832349994,77.0,0.002794151422265681,30,0.10394579555375255,-0.389972140583876,13.335580712327422,27.0,0.0012398790098186532,-0.004337272662276737,-12.183287611172519,0.08203415751512333,-11.420641597842337,-0.004337272662276737,-12.183287611172519
2023-11-22,8,0.0929137827897963,-0.49711647160159433,41.82860871003638,127.0,0.012579335676092466,15,0.09570606054817696,-0.40106511142813495,26.836802156583516,85.0,0.0037802659112036448,29,0.10005287629631693,-0.3899922345364004,16.429479691896635,29.0,0.001659454063951357,0.011072876891734529,-10.407322464686882,0.09605136017345939,-14.99180655345286,0.011072876891734529,-10.407322464686882
2023-11-23,7,0.09453656392478231,-0.5973151801801415,44.231555559167404,128.0,0.015229315729924975,14,0.08784026567992309,-0.34693300792302106,29.73936838434619,97.0,0.004456441039798098,28,0.09556108931247781,-0.2894666085740064,15.5969698798528,36.0,0.002472934494691202,0.05746639934901465,-14.14239850449339,0.25038217225712045,-14.492187174821215,0.05746639934901465,-14.14239850449339
2023-11-24,6,0.0907126314491872,-0.387580663699725,44.567076085406654,124.0,0.016652166908282317,13,0.08803647394066483,-0.3574927698747006,30.418033905618415,98.0,0.004032357559722198,27,0.09385707340164981,-0.3225918457476589,15.118339743595763,41.0,0.00256315864727985,0.034900924127041655,-15.299694162022652,0.030087893825024414,-14.149042179788239,0.034900924127041655,-15.299694162022652
2023-11-29,8,0.10738807923716423,-0.5836924555803777,43.76316538390624,110.0,0.0060251726903529776,15,0.10644563284321237,-0.41640991147040085,22.653008073809286,79.0,0.00516987329211043,29,0.10184628613288856,-0.3851552730181548,12.800395153632053,123.0,0.007192975737400518,0.031254638452246075,-9.852612920177233,0.1672825441099769,-21.110157310096955,0.031254638452246075,-9.852612920177233
2023-12-01,6,0.11703485018501425,-0.5948849269030869,46.696194232616705,122.0,0.007335751274090995,13,0.10868724637937638,-0.5130153825433946,28.52559545047678,96.0,0.003616366370210933,27,0.10138850114316769,-0.3808416993927981,13.860308394622104,131.0,0.005092334636761573,0.13217368315059652,-14.665287055854675,0.08186954435969229,-18.170598782139926,0.13217368315059652,-14.665287055854675
2023-12-04,10,0.12044803239203206,-0.38568623923867573,34.96081217879083,113.0,0.006484037654937295,17,0.11165602634921391,-0.3620053088754548,25.361968174897143,81.0,0.0032156342664879474,31,0.10464210778084061,-0.3577753826611645,14.64856599118485,57.0,0.004489833566103096,0.004229926214290303,-10.713402183712294,0.023680930363220942,-9.598844003893689,0.004229926214290303,-10.713402183712294
2023-12-05,9,0.12114353892373109,-0.3712530676930226,41.40459781627082,114.0,0.003985828131956917,16,0.11477729613941445,-0.3962442989203744,28.802622850628666,90.0,0.001812363124816892,30,0.10775246654042064,-0.31046622838024296,16.641705863013094,61.0,0.0037470835200813036,0.08577807054013142,-12.160916987615572,-0.024991231227351807,-12.601974965642157,0.08577807054013142,-12.160916987615572
2023-12-06,8,0.11586644200814815,-0.3331255287693955,41.79350431907933,127.0,0.005376885707755093,15,0.11547897389448838,-0.33937382221696,28.322200411965486,88.0,0.0024182351463990703,29,0.11236177565174073,-0.22657260109810556,15.744067045667219,67.0,0.0035249267749613896,0.11280122111885443,-12.578133366298268,-0.006248293447564501,-13.471303907113846,0.11280122111885443,-12.578133366298268
2023-12-07,7,0.10281774997549897,-0.41125039743993175,46.62927460272034,128.0,0.0050311821303153795,14,0.10332976451829727,-0.2998571208531581,29.408610077743194,90.0,0.0031045163542051846,28,0.10695646885023297,-0.22037934012837346,16.435560741153882,63.0,0.002003100420153121,0.07947778072478462,-12.973049336589312,0.11139327658677367,-17.22066452497715,0.07947778072478462,-12.973049336589312
2023-12-08,6,0.10462545707093845,-0.4647078920182319,53.52191603548123,128.0,0.014463005976254618,13,0.10026685506409283,-0.3102628775851577,31.514931015976433,106.0,0.005041946391529832,27,0.10221812029570793,-0.1951211497870503,19.072393590664483,70.0,0.0045731186372299365,0.11514172779810739,-12.44253742531195,0.15444501443307423,-22.0069850195048,0.11514172779810739,-12.44253742531195
2023-12-12,9,0.11070202257105208,-0.3816431036320369,37.31148777729677,112.0,0.003242034506412743,16,0.11041666123057481,-0.3107320930124692,19.281363843662433,141.0,0.008940310952932998,30,0.11182862568123175,-0.2363557185517473,13.77496614709241,37.0,0.0031776638381103375,0.07437637446072187,-5.506397696570023,0.07091101061956773,-18.030123933634336,0.07437637446072187,-5.506397696570023
2023-12-13,8,0.09973900063178887,-0.2999263179042637,42.082403977092156,116.0,0.004053115565272262,15,0.1044622867044494,-0.32772718121030797,20.65614584698286,138.0,0.0091267278884672,29,0.10787719973569115,-0.22889868183450446,14.042043843520764,55.0,0.005366758923369557,0.09882849937580351,-6.614102003462095,-0.027800863306044254,-21.426258130109296,0.09882849937580351,-6.614102003462095
2023-12-14,7,0.10167782958042693,-0.38061651406151764,50.06780385890613,112.0,0.0054013593778604,14,0.10285176591362567,-0.4141617131687618,24.03910749324263,135.0,0.012423450403405673,28,0.10672958683256463,-0.25431959047830655,17.567638186354653,59.0,0.0038666933464238905,0.15984212269045528,-6.471469306887975,-0.033545199107244184,-26.028696365663503,0.15984212269045528,-6.471469306887975
2023-12-18,10,0.12313058170180932,-0.4138309669444915,30.842280453037592,150.0,0.015602569965263194,17,0.124003761206369,-0.26419501604606843,23.18325413408084,93.0,0.002645283973556561,31,0.12706046282407596,-0.2173299146762838,12.240501406199954,28.0,0.0030066189008320903,0.04686510136978464,-10.942752727880887,0.14963595089842308,-7.659026318956752,0.04686510136978464,-10.942752727880887
2023-12-19,9,0.1213316054172627,-0.4760388197348926,33.287273691290814,145.0,0.01870834305811083,16,0.12184993895797067,-0.25872602077191265,24.171075761388288,90.0,0.0016787033271034061,30,0.12624805230322428,-0.2505533191158198,15.169590773242845,31.0,0.00604242079700284,0.008172701656092851,-9.001484988145442,0.21731279896297995,-9.116197929902526,0.008172701656092851,-9.001484988145442
2023-12-20,8,0.1376730571589263,-0.33826325618415365,32.79203786566439,152.0,0.03183962395314613,15,0.13040953978810604,-0.34758694419803926,27.423242086508772,93.0,0.02419142754282553,29,0.13183827384738525,-0.088709043727266,23.681056749191406,37.0,0.0141425086412733,0.25887790047077325,-3.742185337317366,-0.009323688013885612,-5.368795779155619,0.25887790047077325,-3.742185337317366
2023-12-21,7,0.1277083332736921,-0.5413232059623767,34.084678475791016,147.0,0.014407396661828649,14,0.12458082375400109,-0.34955591537248254,21.64315288122453,103.0,0.0025370805989070756,28,0.12863709667305212,-0.31455676893723217,13.267472477496064,46.0,0.006423401602088657,0.03499914643525037,-8.375680403728467,0.19176729058989417,-12.441525594566485,0.03499914643525037,-8.375680403728467
2023-12-22,6,0.12842872023353163,-0.657185866531703,37.89543989102573,149.0,0.01996684943136382,13,0.12542733115290156,-0.5082938676913832,23.123311590985196,103.0,0.014011400104776355,27,0.1265170128255746,-0.36197911723057113,14.108014798683028,49.0,0.0037270061606566765,0.14631475046081205,-9.015296792302168,0.14889199884031978,-14.772128300040535,0.14631475046081205,-9.015296792302168
2023-12-27,8,0.13223332170321683,-0.6033449096038098,29.71321183797286,114.0,0.00829529072061445,15,0.14199713496153665,-0.5221529561161702,15.23448032382026,85.0,0.003240908272046875,29,0.14494346252546197,-0.4495157290811507,4.0313105140022465,133.0,0.005504941813613795,0.07263722703501951,-11.203169809818014,0.08119195348763963,-14.4787315141526,0.07263722703501951,-11.203169809818014
2023-12-28,7,0.12627053006085587,-0.4555101765358356,37.92833598994404,132.0,0.009956676044867453,14,0.13708609755213216,-0.2976788709692604,16.48323979139291,95.0,0.003272425810662465,28,0.14212310247880322,-0.3611159097612214,2.902548561056154,143.0,0.004659146205935166,-0.063437038791961,-13.580691230336758,0.1578313055665752,-21.445096198551127,-0.063437038791961,-13.580691230336758
2023-12-29,6,0.12048180803008934,-0.43867792089920976,44.915527797167314,135.0,0.012604951962578725,13,0.12926349991545408,-0.26380901037097126,19.598098929871234,103.0,0.003981578438428778,27,0.13409606143451733,-0.32017104295298954,5.565368182552547,140.0,0.005061355897459052,-0.05636203258201827,-14.032730747318688,0.1748689105282385,-25.31742886729608,-0.05636203258201827,-14.032730747318688
2024-01-01,10,0.1286780180249362,-0.5748981706744288,28.154504127116684,101.0,0.01441251401949291,17,0.13591705907360802,-0.40898661413707277,13.12162940717064,72.0,0.004330236910300399,31,0.14093619686383593,-0.396360187953381,5.988689906251569,36.0,0.0055858389420803045,0.012626426183691752,-7.132939500919072,0.16591155653735606,-15.032874719946044,0.012626426183691752,-7.132939500919072
2024-01-02,9,0.1281993749576748,-0.3943617697810522,30.812469855708635,107.0,0.009930658378927195,16,0.13402021232224806,-0.4083251633257864,15.557399841715947,79.0,0.003649660714163374,30,0.13817533116865724,-0.3931848522731115,8.052309797886128,37.0,0.0022216645702761023,0.015140311052674882,-7.505090043829819,-0.013963393544734193,-15.255070013992688,0.015140311052674882,-7.505090043829819
2024-01-03,8,0.12024167457411467,-0.2954672681685757,34.17741138428746,106.0,0.009977009188584504,15,0.12615678020315088,-0.41317797361677344,16.6237076350993,82.0,0.0027765206477897222,29,0.13558709687094017,-0.3258660810225641,7.10108135133944,46.0,0.003050573507779264,0.08731189259420935,-9.52262628375986,-0.11771070544819773,-17.55370374918816,0.08731189259420935,-9.52262628375986
2024-01-04,7,0.10587654982556705,-0.38294111694946653,43.358256345961316,112.0,0.009889433137689793,14,0.11215698876088667,-0.22814498822743934,20.682779398590668,85.0,0.0032059202494696,28,0.12747964437723192,-0.32685154868743194,9.575803483627695,58.0,0.0029354706048448915,-0.0987065604599926,-11.106975914962973,0.1547961287220272,-22.675476947370647,-0.0987065604599926,-11.106975914962973
2024-01-05,6,0.10266805902009926,-0.5392000224493414,50.0798816711234,114.0,0.012901219120099823,13,0.10216037427275332,-0.33427312590762004,25.215835432375115,87.0,0.0021543184205681278,27,0.12016704785002356,-0.3502625461023927,10.910450915579117,59.0,0.0046299110483646,-0.015989420194772674,-14.305384516795998,0.20492689654172136,-24.864046238748287,-0.015989420194772674,-14.305384516795998
2024-01-08,10,0.11969918224997976,-0.21633437941668632,27.874300135632666,96.0,0.005913498593607162,17,0.12398341327492149,-0.27046015312269034,17.133262971083088,139.0,0.0048185961336911975,31,0.13240911457205626,-0.24282362207240718,6.406665551829561,18.0,0.007341119371845863,0.02763653105028316,-10.726597419253526,-0.05412577370600402,-10.741037164549578,0.02763653105028316,-10.726597419253526
2024-01-09,9,0.11535628907208201,-0.16706522872759,35.707889658445744,103.0,0.024353284659085053,16,0.12162753180494672,-0.2992220306865486,19.115875184070617,141.0,0.00425820589437141,30,0.12799714422560243,-0.48064152623609135,8.383032213640778,20.0,0.0034392433641965148,-0.18141949554954273,-10.73284297042984,-0.13215680195895863,-16.592014474375127,-0.18141949554954273,-10.73284297042984
2024-01-11,7,0.1114153671921617,-0.30991542142822515,38.86632234111404,113.0,0.009744329399949524,14,0.11659181728965796,-0.24753299189615352,20.11938067615424,142.0,0.0049454746086391235,28,0.12863439224257112,-0.25814491640931414,7.665560713038808,31.0,0.0019648410696590734,-0.01061192451316062,-12.453819963115432,0.062382429532071626,-18.746941664959802,-0.01061192451316062,-12.453819963115432
2024-01-15,10,0.13275831233127106,-0.4937154886359857,26.236772641039728,141.0,0.0066278824686749355,17,0.14020133025868287,-0.3910070595069485,14.503593784523925,90.0,0.001501664705457556,31,0.13138081543159333,-0.3475819465100456,10.284135020550254,24.0,0.00651898617205022,0.04342511299690288,-4.219458763973671,0.10270842912903722,-11.733178856515803,0.04342511299690288,-4.219458763973671
2024-01-16,9,0.13198838117776096,-0.4585332934661017,30.64050314511976,147.0,0.013916181792326452,16,0.13803992920177605,-0.2498800253410728,16.64526355147681,96.0,0.0032103624867853525,30,0.13597358090454933,-0.1266404176815351,5.805115818295095,26.0,0.004483319426778675,0.12323960765953768,-10.840147733181714,0.20865326812502893,-13.99523959364295,0.12323960765953768,-10.840147733181714
2024-01-17,8,0.16024436436412492,-0.3624357705313599,28.19206568272435,163.0,0.019696019986597837,15,0.16065663139353104,-0.24066198187340193,16.408898512286445,99.0,0.004699216857458671,29,0.15231864842492282,-0.17820892329282603,4.182571950981766,28.0,0.0017492307911604918,0.0624530585805759,-12.22632656130468,0.12177378865795796,-11.783167170437906,0.0624530585805759,-12.22632656130468
2024-01-20,5,0.14034382693370212,-0.33460954432285517,41.02880649583108,155.0,0.016599923212078833,12,0.13679843216614543,-0.2285802385345862,19.786323538707762,106.0,0.002644379650860388,26,0.13848844612761024,-0.24174353606205634,6.532735409709002,34.0,0.002730882193735859,-0.013163297527470141,-13.25358812899876,0.10602930578826897,-21.242482957123315,-0.013163297527470141,-13.25358812899876
2024-01-24,8,0.15994913139598058,-0.34686476424630797,25.477724348599065,126.0,0.011556092025175628,15,0.15393771237670467,-0.12980789424014721,16.710582070351446,97.0,0.012203034742743658,29,0.13659928271509056,-0.6028622625848332,18.034767587167103,24.0,0.010025443085931646,-0.473054368344686,1.3241855168156569,0.21705687000616075,-8.767142278247618,-0.473054368344686,1.3241855168156569
2024-01-25,7,0.14653976779393107,-0.1870392598609718,31.585883258925847,126.0,0.008593000028832237,14,0.14730774424460397,-0.20351858677244067,16.044855627226706,102.0,0.007294040585920503,28,0.13781249628009715,-0.11510156295099486,6.58056675021212,35.0,0.005007604259578674,0.08841702382144581,-9.464288877014585,-0.01647932691146886,-15.54102763169914,0.08841702382144581,-9.464288877014585
2024-01-30,9,0.18899866544422123,-0.30018772554581974,15.662411191567141,112.0,0.003847019643902143,16,0.17384008261887712,-0.38528004189425885,9.35347270638101,65.0,0.007929984783986618,30,0.15120515566833878,-0.20777548939142038,6.622977331529168,143.0,0.00646006375782086,0.17750455250283848,-2.7304953748518423,-0.08509231634843911,-6.308938485186131,0.17750455250283848,-2.7304953748518423
2024-02-01,7,0.14000318347109905,-0.43013924392198577,31.424687302733226,131.0,0.018314846205818358,14,0.13667037542797764,-0.2673373128325454,18.88593556053135,81.0,0.00735027715695607,28,0.13239138374523296,-0.2023842967362665,7.316660785380019,136.0,0.006042162431280216,0.0649530160962789,-11.569274775151332,0.16280193108944035,-12.538751742201875,0.0649530160962789,-11.569274775151332
2024-02-02,6,0.1379612781598465,-0.24345188079640367,32.14894547422434,128.0,0.006990689419087833,13,0.13591061519247044,-0.31667658949793986,16.87559050378493,106.0,0.00803499859703036,27,0.13446981909528233,-0.23894659484861128,6.609628993319617,142.0,0.005854122855514559,0.07772999464932859,-10.265961510465313,-0.07322470870153619,-15.27335497043941,0.07772999464932859,-10.265961510465313
2024-02-05,10,0.1526860317287332,-0.2405211854172602,19.37915912414343,107.0,0.003880970127954432,17,0.15035468920233191,-0.44783377644798966,9.89494158921135,76.0,0.009465414357377768,31,0.14456297079047675,-0.3314272700480121,6.498187855837262,17.0,0.00157596060128321,0.11640650639997757,-3.396753733374087,-0.20731259103072947,-9.484217534932082,0.11640650639997757,-3.396753733374087
2024-02-06,9,0.1513918223416555,-0.4847511331720633,22.763360508130287,110.0,0.005140683535828941,16,0.14887604177343855,-0.4674295182484904,10.716990989840301,73.0,0.002229209204361522,30,0.14402828157574055,-0.35989149395321496,7.682935769809195,19.0,0.001435919512831787,0.10753802429527543,-3.0340552200311066,0.017321614923572926,-12.046369518289985,0.10753802429527543,-3.0340552200311066
2024-02-07,8,0.14118156833289075,-0.32988880516528407,26.402463291553627,124.0,0.007471210296212889,15,0.1423378203262115,-0.29319085659725197,12.165130747949933,82.0,0.0033386873904551213,29,0.13991670091778352,-0.37453041873709025,9.110493473889289,19.0,0.0021196046932119945,-0.08133956213983828,-3.054637274060644,0.0366979485680321,-14.237332543603694,-0.08133956213983828,-3.054637274060644
2024-02-08,7,0.14274407063647154,-0.48930679792021614,31.217961679148228,130.0,0.016746646694930374,14,0.1426100582501696,-0.3902473898637131,12.976191810282375,91.0,0.004607859650825888,28,0.14681097194009698,-0.2731002227232277,6.656040019606849,30.0,0.003791008653681768,0.1171471671404854,-6.320151790675525,0.09905940805650304,-18.241769868865852,0.1171471671404854,-6.320151790675525
2024-02-09,6,0.13506396101165383,-0.3946483902785942,33.29473058447126,126.0,0.009103172611174482,13,0.13378523979948181,-0.31226335495209734,17.02978069766544,97.0,0.0050865994909058245,27,0.1405638814387531,-0.33718074352710925,8.596053604994527,29.0,0.0016524161248508001,-0.02491738857501191,-8.433727092670914,0.08238503532649688,-16.26494988680582,-0.02491738857501191,-8.433727092670914
2024-02-12,10,0.14999166369778577,-0.36676471494464546,20.510072544738257,103.0,0.0074753810499086975,17,0.1446019030438089,-0.2030346494580258,12.613314138804178,141.0,0.0073783315583995914,31,0.14936617609805997,-0.17001061477152601,4.031224366741862,12.0,0.0030159657472624063,0.03302403468649978,-8.582089772062316,0.16373006548661967,-7.896758405934079,0.03302403468649978,-8.582089772062316
2024-02-13,9,0.13755257046981867,-0.35797960533694195,24.561515490533615,106.0,0.005553528241208014,16,0.1384843922019973,-0.22904116125619955,14.105709283827736,137.0,0.006987602484185381,30,0.14953509976512472,-0.209514194515662,2.8188753524843273,18.0,0.0051417973065774865,0.019526966740537555,-11.28683393134341,0.1289384440807424,-10.45580620670588,0.019526966740537555,-11.28683393134341
2024-02-14,8,0.13191948458555172,-0.42389531847300055,29.932475538008017,110.0,0.008092154910611176,15,0.1363436985970238,-0.24786940528784795,15.863540949019274,137.0,0.005367279763746055,29,0.1341040178478349,-0.37207187050367385,7.811490089312469,25.0,0.010583640465798846,-0.1242024652158259,-8.052050859706807,0.1760259131851526,-14.068934588988743,-0.1242024652158259,-8.052050859706807
2024-02-15,7,0.12474411266296037,-0.4604646718115444,33.65127399042625,119.0,0.006428593360958503,14,0.1300194713142575,-0.2350949777942204,17.761639654341476,140.0,0.017291150268142375,28,0.14206631158745608,-0.16514892169572484,-0.5209666924012826,24.0,0.004607502526299265,0.06994605609849555,-18.28260634674276,0.22536969401732398,-15.889634336084772,0.06994605609849555,-18.28260634674276
2024-02-16,6,0.12940287359485833,-0.5547514348632758,37.534342876631634,123.0,0.010259493131740943,13,0.13355956877561928,-0.3715782276963505,17.905346154604057,141.0,0.006676329462247777,27,0.14233634537090295,-0.2932455188852854,2.6504777497841983,34.0,0.0026932628399813714,0.07833270881106513,-15.25486840481986,0.1831732071669253,-19.628996722027576,0.07833270881106513,-15.25486840481986
2024-02-19,10,0.14387046939833323,-0.47688303460760395,21.652848214344342,136.0,0.011956291233524548,17,0.147260615109413,-0.4149111242576039,10.786943497547341,80.0,0.0031351735337019526,24,0.14730820670062617,-0.34432978436406925,6.427332543931293,39.0,0.0030919032117285757,0.07058133989353466,-4.359610953616048,0.06197191035000005,-10.865904716797,0.07058133989353466,-4.359610953616048
2024-02-20,9,0.14245247039475306,-0.43239777197698914,23.196363887854886,137.0,0.005863387874702277,16,0.14723994904242504,-0.40589333197262134,10.028623383330952,84.0,0.003062829481625767,23,0.1495036837602003,-0.34286223096363105,3.1739113676341426,38.0,0.0022446218871883454,0.06303110100899029,-6.85471201569681,0.026504440004367802,-13.167740504523934,0.06303110100899029,-6.85471201569681
2024-02-21,8,0.1358977256870867,-0.4049993871564759,29.479388738293245,142.0,0.019349425941928018,15,0.14110040924098183,-0.34259066719985315,13.04148776342268,90.0,0.007460977350750773,29,0.14570996674080747,-0.4603801286818171,5.201946730632666,23.0,0.005030390546644822,-0.11778946148196395,-7.839541032790014,0.06240871995662273,-16.437900974870566,-0.11778946148196395,-7.839541032790014
2024-02-22,7,0.12384011905751231,-0.38253318493367416,40.86551181489087,145.0,0.020699143646140117,14,0.13315887698401335,-0.35696302080273945,13.769606254607238,98.0,0.004896506255208125,28,0.13610847520653538,-0.42008184996159864,7.4308270528642995,29.0,0.009837648076047898,-0.06311882915885919,-6.3387792017429385,0.025570164130934714,-27.095905560283633,-0.06311882915885919,-6.3387792017429385
2024-02-23,6,0.12224291896994754,-0.5448597415141632,41.66124939753431,150.0,0.021236185147292832,13,0.12843654253736358,-0.37485965056416176,17.033250779099617,105.0,0.005161833171490496,27,0.13672182104875996,-0.3470410826911625,5.301609695851036,33.0,0.004004665286448231,0.027818567872999245,-11.731641083248581,0.1700000909500014,-24.627998618434695,0.027818567872999245,-11.731641083248581
2024-02-26,10,0.14095064635426632,-0.33204386806289266,20.160807614561648,111.0,0.007208081163334977,17,0.14259065491393885,-0.4404167214572302,8.565211220018295,76.0,0.0032040034915619977,31,0.13596001158437698,-0.23465394233339656,6.613972318829538,122.0,0.005717494385175582,0.20576277912383364,-1.9512389011887565,-0.10837285339433755,-11.595596394543353,0.20576277912383364,-1.9512389011887565
2024-02-28,8,0.15471337105456962,-0.5645332764505839,28.81793080880046,129.0,0.02716937115087472,15,0.1494831063356411,-0.423179329169614,13.022876688304677,87.0,0.005396272621210687,29,0.14411661330144798,-0.2328115327211116,7.141025266796903,133.0,0.009313419522069924,0.19036779644850238,-5.881851421507775,0.14135394728096995,-15.795054120495784,0.19036779644850238,-5.881851421507775
2024-02-29,7,0.1286712995908911,-0.4130734778417633,32.64050301825182,112.0,0.004870867684206837,14,0.13145286015969077,-0.4287925177991402,17.23714127791458,90.0,0.005285367601435279,28,0.13590705870428083,-0.23530641584046003,7.9020317869535335,130.0,0.006211788797874222,0.19348610195868016,-9.335109490961049,-0.01571903995737689,-15.403361740337239,0.19348610195868016,-9.335109490961049
2024-03-01,6,0.13168612816357078,-0.7091488818283469,37.87849328587726,123.0,0.006403351022539195,13,0.13274978074064706,-0.44309378056017484,15.190020725467026,103.0,0.004473013182935359,27,0.13375285344536084,-0.2209909255283925,7.213365019246304,133.0,0.005569449284025927,0.22210285503178234,-7.976655706220722,0.26605510126817206,-22.688472560410236,0.22210285503178234,-7.976655706220722
2024-03-04,10,0.12877673354418717,-0.41400164769219017,23.837357536567023,107.0,0.006051455246077501,17,0.13357884776196957,-0.35241480085087057,12.19414235174969,68.0,0.004590350118493899,31,0.13780912332889828,-0.28386066238335617,4.30713247935604,35.0,0.0023929991015361396,0.0685541384675144,-7.88700987239365,0.0615868468413196,-11.643215184817333,0.0685541384675144,-7.88700987239365
2024-03-05,9,0.11636818430228471,-0.4125330443762496,30.4677473235884,112.0,0.006917829768109423,16,0.12357788092781835,-0.3562974010567322,15.210407892429576,75.0,0.004908844076041103,30,0.13215817133802232,-0.2743252150992518,5.033748448332022,40.0,0.0020373551898221036,0.0819721859574804,-10.176659444097552,0.056235643319517414,-15.257339431158826,0.0819721859574804,-10.176659444097552
2024-03-06,8,0.11648483744162955,-0.4296943697908362,33.58034561760633,115.0,0.005259205009830665,15,0.12094384662683519,-0.34665388346236264,16.43915367731104,82.0,0.004187725846742892,29,0.12458133172323799,-0.3674875945820405,8.487431341684989,45.0,0.01139198789665196,-0.020833711119677856,-7.951722335626052,0.08304048632847355,-17.141191940295293,-0.020833711119677856,-7.951722335626052
2024-03-11,10,0.12265336036401014,-0.3959711668309496,27.862177862886888,101.0,0.020221040035637707,17,0.12541806058252286,-0.2312806101155852,14.746904580532057,137.0,0.010794227615019723,24,0.13051040903765976,-0.3924876980257799,9.202415382515696,51.0,0.0028172821202749236,-0.16120708791019467,-5.544489198016361,0.16469055671536437,-13.115273282354831,-0.16120708791019467,-5.544489198016361
2024-03-12,9,0.11865947294751986,-0.3979692476326332,28.165338557514612,104.0,0.004774603863312042,16,0.12109414409055057,-0.2852745865028471,15.892407121374829,131.0,0.005952563868141788,23,0.1271395165213584,-0.3837593167590162,8.246920418640384,52.0,0.0020917505735111013,-0.0984847302561691,-7.645486702734445,0.1126946611297861,-12.272931436139784,-0.0984847302561691,-7.645486702734445
2024-03-14,7,0.12069872453448935,-0.4725583093737096,34.47102985374606,119.0,0.006303256493319532,14,0.12092885195038877,-0.33236395689637854,19.569528939717433,142.0,0.00551304605716032,27,0.1318295366974889,-0.40405658016123747,0.6988805805001768,20.0,0.003172107908224166,-0.07169262326485892,-18.870648359217256,0.14019435247733103,-14.901500914028627,-0.07169262326485892,-18.870648359217256
2024-03-15,6,0.12438860679368968,-0.2945074110821885,34.20276380838826,116.0,0.0060527663700146415,13,0.1222227212566584,-0.2753914731119098,19.903126689299178,141.0,0.006226867009889898,26,0.12921651002495005,-0.5120376574786358,5.176689801728928,34.0,0.003415479891100368,-0.23664618436672602,-14.72643688757025,0.019115937970278662,-14.299637119089084,-0.23664618436672602,-14.72643688757025
2024-03-19,9,0.13570995140437217,-0.16063805538899745,24.728667618978832,140.0,0.00962760058211526,16,0.13209454915060695,-0.3901666873252675,12.82284621681363,86.0,0.0038491375954376305,37,0.13138178681563298,-0.21039073605221056,6.901033082252432,124.0,0.0036499200401573727,0.17977595127305693,-5.921813134561198,-0.22952863193627004,-11.905821402165202,0.17977595127305693,-5.921813134561198
2024-03-20,8,0.1277471915448978,-0.23952350338455042,27.21381001872469,141.0,0.010277528258705544,15,0.12205045577806442,-0.42368443601392947,16.55597756836667,99.0,0.004207509562979867,29,0.1270667637859717,-0.5022868743424586,3.281336185126662,22.0,0.003683422656342762,-0.07860243832852909,-13.27464138324001,-0.18416093262937905,-10.657832450358018,-0.07860243832852909,-13.27464138324001
2024-03-21,7,0.11543388520489938,-0.35351663154976376,32.93811979150545,132.0,0.015294650713930179,14,0.1051397150794326,-0.4201960132909932,22.512916454291023,103.0,0.004661015370302443,28,0.1157373170688697,-0.4194046102573571,6.713827236626029,27.0,0.0026383853688947082,0.0007914030336361177,-15.799089217664994,-0.06667938174122945,-10.425203337214427,0.0007914030336361177,-15.799089217664994
2024-03-22,6,0.11320690606429332,-0.41614960327924955,40.38792049328726,142.0,0.032853261499054515,13,0.10323070911096213,-0.4687624071457661,26.975843640631755,109.0,0.017416114702406355,27,0.11429413575965246,-0.4090962765017912,6.810080246702175,36.0,0.004329036470072162,0.05966613064397491,-20.16576339392958,-0.052612803866516566,-13.412076852655506,0.05966613064397491,-20.16576339392958
2024-03-26,9,0.11357588907576699,-0.24249127648709168,33.04956644499012,114.0,0.017522884663916893,15,0.11845117908520433,-0.4737871221316301,18.34127367069455,83.0,0.004359993632214326,30,0.11822776164821266,-0.2600350840077796,8.928838722390715,131.0,0.0049018727094349655,0.21375203812385052,-9.412434948303837,-0.23129584564453842,-14.708292774295568,0.21375203812385052,-9.412434948303837
2024-03-27,8,0.1069593629334491,-0.5336219312998465,37.17729878734225,121.0,0.009943820290262022,14,0.11317662870678807,-0.45616035328203286,19.82858766566202,85.0,0.004773789776908994,29,0.11712020792521208,-0.26479952251504685,9.205760277732665,132.0,0.005382605761555773,0.191360830766986,-10.622827387929355,0.07746157801781361,-17.348711121680232,0.191360830766986,-10.622827387929355
2024-03-28,7,0.11183028379061061,-0.4233214606468845,44.19164978816466,115.0,0.017295693486511436,13,0.1057334768755567,-0.33042386636219234,30.512011563280044,94.0,0.01267260054806086,28,0.11884969722251404,-0.092924216877319,7.805280161621619,132.0,0.017039535435442732,0.23749964948487334,-22.706731401658423,0.09289759428469213,-13.679638224884616,0.23749964948487334,-22.706731401658423
2024-04-01,9,0.11251124999408017,-0.3959626757931629,32.334995293670374,103.0,0.004163768829340285,17,0.11135211900309237,-0.41253165178506307,15.78561107834297,82.0,0.002447982676501282,24,0.1106660395892294,-0.3070294570930994,11.243156530164278,127.0,0.004766695009644624,0.10550219469196365,-4.542454548178693,-0.01656897599190016,-16.549384215327404,0.10550219469196365,-4.542454548178693
2024-04-02,8,0.11031507255101153,-0.3280205031906187,36.59118447472761,108.0,0.004939892747227882,16,0.10624652974885018,-0.30630879075635253,18.509830497447364,83.0,0.003876774752479157,30,0.11390377425458068,-0.343792848383623,8.66452126762843,26.0,0.0036842859056635544,-0.03748405762727047,-9.845309229818934,0.021711712434266173,-18.081353977280248,-0.03748405762727047,-9.845309229818934
2024-04-03,7,0.1086141141002808,-0.36195657021810934,40.515359522671886,116.0,0.008218900822379754,15,0.10212395633663514,-0.33099996152735056,21.714720414601693,93.0,0.004249924099155951,29,0.11364728251561383,-0.20083370766538933,8.038775627484327,32.0,0.003152855808012977,0.13016625386196123,-13.675944787117366,0.03095660869075878,-18.800639108070193,0.13016625386196123,-13.675944787117366
2024-04-05,5,0.11123519927898658,-0.6370093848457237,51.462429734776094,117.0,0.009757795089419263,13,0.10003537891760354,-0.38462290093244045,23.525877338171668,104.0,0.004396621804716519,27,0.11054992933843358,-0.3579946361662637,9.823202565131817,40.0,0.0031351023044912203,0.026628264766176746,-13.70267477303985,0.2523864839132832,-27.936552396604426,0.026628264766176746,-13.70267477303985
2024-04-08,10,0.11039105647335341,-0.36759978439435714,27.323860387569656,111.0,0.004207982346478932,17,0.10878507004390045,-0.3733075752101856,16.589208038336558,134.0,0.005557395402448373,24,0.11114033620327948,-0.35927553934005785,12.849995897323074,51.0,0.0038595861478559696,0.014032035870127746,-3.7392121410134838,-0.005707790815828451,-10.734652349233098,0.014032035870127746,-3.7392121410134838
2024-04-09,9,0.10084200233981311,-0.603154153616255,39.64767409507399,123.0,0.023545581993580464,16,0.10344889753349597,-0.35043697992900746,21.117679247251345,133.0,0.005491913773225681,23,0.10752092197988948,-0.35216388290424094,15.015924853030993,53.0,0.0021904167616075003,-0.0017269029752334797,-6.101754394220352,0.25271717368724755,-18.529994847822643,-0.0017269029752334797,-6.101754394220352
2024-04-10,8,0.093065967413056,-0.45531472409018203,40.77384464235455,118.0,0.004394564457920205,15,0.09765431422943958,-0.33521056501157254,25.055170712689765,142.0,0.007227942220432242,22,0.10150696623127496,-0.38369055104178135,18.841031719364366,56.0,0.0030585291450305778,-0.04847998603020881,-6.214138993325399,0.1201041590786095,-15.718673929664781,-0.04847998603020881,-6.214138993325399
2024-04-15,10,0.12257117557061717,-0.4925160537289195,30.5059296135059,144.0,0.01381901111401867,17,0.12072052965165232,-0.46403840168077903,19.645758147124532,82.0,0.002894652610465085,31,0.11869120375681064,-0.3481455136987911,13.539111727217968,15.0,0.0033147404158832944,0.11589288798198794,-6.106646419906564,0.028477652048140456,-10.860171466381367,0.11589288798198794,-6.106646419906564
2024-04-16,9,0.12620980435732648,-0.32158573552546743,28.29446713671303,139.0,0.009167614182180447,16,0.12137982626831587,-0.31605217582216827,19.063866758026926,91.0,0.00428601177708716,30,0.1243931156475363,-0.3445790034626376,7.615055663885975,20.0,0.004326283473614832,-0.02852682764046932,-11.44881109414095,0.005533559703299162,-9.230600378686106,-0.02852682764046932,-11.44881109414095
2024-04-18,7,0.1393305637523,-0.479956020806549,32.100008199125476,141.0,0.01938165155348273,14,0.12783343220467214,-0.440569525738432,19.44269032653875,104.0,0.004916097276354449,28,0.12849796416365286,-0.3657299693814514,9.817428541959227,29.0,0.004027109483391833,0.07483955635698059,-9.625261784579521,0.03938649506811698,-12.657317872586727,0.07483955635698059,-9.625261784579521
2024-04-19,6,0.14563890254444567,-0.8364285611039486,36.69051866759465,149.0,0.018489563457889793,13,0.13125185791437427,-0.7567655796795424,21.40936153378962,113.0,0.006629423806779568,27,0.12451277969407885,-0.4412877209862894,13.378204033560909,37.0,0.012867825907209045,0.315477858693253,-8.031157500228712,0.0796629814244062,-15.281157133805031,0.315477858693253,-8.031157500228712
2024-04-22,10,0.12393677863547403,-0.6656102830427696,28.726028568968587,117.0,0.010262095663334336,17,0.1201597262460012,-0.5503102797938009,18.44076532242419,78.0,0.005515013178867074,31,0.12473328706186555,-0.3206038360771072,3.7816477999992286,19.0,0.003240144972249708,0.2297064437166937,-14.659117522424962,0.11530000324896872,-10.285263246544396,0.2297064437166937,-14.659117522424962
2024-04-23,9,0.11452410322955903,-0.5278758500735528,34.03953969573814,113.0,0.007466846387375291,16,0.11674581071775929,-0.5913847191082232,19.1837078905383,81.0,0.0029765045145755836,30,0.11852048627618854,-0.48483367949365663,8.230235995770004,22.0,0.0013172087718673503,0.10655103961456658,-10.953471894768297,-0.06350886903467046,-14.855831805199841,0.10655103961456658,-10.953471894768297
2024-04-24,8,0.11020784447177659,-0.6569805632759744,38.832912840120144,124.0,0.01615220141923007,15,0.11072266252589706,-0.5737663554416851,20.807036508811674,82.0,0.0026357337071531714,29,0.11420955482521085,-0.3892968241935625,11.252431119331664,29.0,0.002363676945290648,0.1844695312481226,-9.55460538948001,0.08321420783428934,-18.02587633130847,0.1844695312481226,-9.55460538948001
2024-04-26,6,0.11593309135217944,-0.3056881892997587,40.1869820548193,120.0,0.009534469905832075,13,0.1116861029955443,-0.4149567656268186,23.193293064072474,105.0,0.0033847612169839903,27,0.11467251000166846,-0.33037993322899506,10.788426461872238,45.0,0.0026014213017115663,0.08457683239782354,-12.404866602200237,-0.10926857632705989,-16.99368899074683,0.08457683239782354,-12.404866602200237
2024-04-29,10,0.11581611963718812,-0.5902268424166368,30.620532770462745,110.0,0.008540788972248295,17,0.11440624272908459,-0.5215031744382176,18.920712147466503,72.0,0.003658335199597998,31,0.11489257549797606,-0.41391239597103385,9.412316717577202,131.0,0.0037903722672572417,0.10759077846718373,-9.508395429889301,0.06872366797841922,-11.699820622996242,0.10759077846718373,-9.508395429889301
2024-04-30,9,0.11216835661235594,-0.5395878395605265,32.94620106217454,115.0,0.010072441994019061,16,0.11486574200223663,-0.5564076971969979,20.216084695433175,78.0,0.00523680352004875,30,0.11651300028169531,-0.41875202407241857,9.98911908597022,132.0,0.0072816012537576715,0.13765567312457933,-10.226965609462955,-0.016819857636471425,-12.730116366741363,0.13765567312457933,-10.226965609462955
2024-05-03,6,0.12126601364788181,-0.17461065149433042,41.855426404239495,122.0,0.009319756511092635,13,0.11838750683183363,-0.28309595411156463,21.58160469493523,105.0,0.003728459341702402,27,0.12097023290389287,-0.41895520287424204,11.082465556926602,138.0,0.0083460188512896,-0.1358592487626774,-10.499139138008628,-0.10848530261723421,-20.273821709304265,-0.1358592487626774,-10.499139138008628
2024-05-06,10,0.13028342823570516,-0.4390292543358568,25.35340707396584,121.0,0.007806885794474342,17,0.1299333649679221,-0.5273403223935267,14.904723302691544,91.0,0.004522324457720407,31,0.186092101014112,-0.17708068420075512,9.371532216441702,17.0,0.014328001685624354,0.35025963819277156,-5.5331910862498415,-0.08831106805766986,-10.448683771274297,0.35025963819277156,-5.5331910862498415
2024-05-07,9,0.138826232592163,-0.24163465109892157,28.537160585830826,135.0,0.011311595612409953,16,0.13271458001059785,-0.43791091620685485,15.881511848815936,94.0,0.004330985284094777,30,0.19550771324713256,-0.4553611495400639,-1.1339212877380902,22.0,0.0044552230000718795,-0.017450233333209053,-17.015433136554027,-0.19627626510793328,-12.65564873701489,-0.017450233333209053,-17.015433136554027
2024-05-08,8,0.12789425632358742,-0.35410537036635037,29.925162538100167,126.0,0.010936442082741025,15,0.12702604419421926,-0.3954075980138968,17.005236310560086,92.0,0.004489585047946392,29,0.1965026251180565,-0.35256896557308687,5.511370916764781,26.0,0.004158666581816249,0.04283863244080993,-11.493865393795305,-0.04130222764754643,-12.919926227540081,0.04283863244080993,-11.493865393795305
2024-05-09,7,0.13757694173734022,-0.22589054131409902,33.95253298513925,128.0,0.010493064817914599,14,0.1379500137975222,-0.3306710615306162,15.206045613196089,101.0,0.004013731065855616,28,0.20387282293914286,-0.3785290571693284,7.359529887330199,35.0,0.004520460684970469,-0.04785799563871218,-7.84651572586589,-0.10478052021651718,-18.74648737194316,-0.04785799563871218,-7.84651572586589
2024-05-13,10,0.14070757458443403,-0.2916250817173859,24.24185390440682,136.0,0.013802887551976645,17,0.13576214887871627,-0.47433270880197853,16.08900907077766,146.0,0.0063125441569611505,24,0.2322864611810299,-0.5904402349670944,3.378513349670218,44.0,0.003636160337565362,-0.11610752616511588,-12.710495721107442,-0.18270762708459265,-8.15284483362916,-0.11610752616511588,-12.710495721107442
2024-05-14,9,0.12831314133493948,-0.5159907404036468,30.11670817456128,121.0,0.008516879323883458,16,0.1298431933075313,-0.39757048394095507,18.152472082005453,147.0,0.005033277921645411,23,0.2249185657961241,-0.3844269474577042,6.072035171361126,45.0,0.0017129281949806367,0.01314353648325084,-12.080436910644327,0.11842025646269172,-11.964236092555826,0.01314353648325084,-12.080436910644327
2024-05-15,8,0.12331887489697743,-0.44560716824565216,34.196014047247274,133.0,0.009131747901474257,15,0.12934077234053054,-0.39146728585934276,17.97685123685499,142.0,0.006734524078836012,22,0.22424031547531886,-0.4517729824751238,1.6207235489227036,55.0,0.011683756049910099,-0.06030569661578106,-16.356127687932286,0.0541398823863094,-16.219162810392284,-0.06030569661578106,-16.356127687932286
2024-05-17,6,0.11731360872554764,-0.597392456631705,41.90809375929765,121.0,0.007432111871239657,13,0.1182513248850145,-0.5583688907403069,24.815443579713545,134.0,0.0062556740299474015,27,0.20437376956320857,-0.5998507232904126,3.014417115121523,25.0,0.004799661920062846,-0.041481832550105624,-21.80102646459202,0.039023565891398104,-17.092650179584105,-0.041481832550105624,-21.80102646459202
2024-05-21,9,0.12655707868870703,-0.5304732816914619,31.48199884641406,138.0,0.012062427570354998,16,0.23757099876898036,-0.5573223627662349,6.878042572115563,73.0,0.01626024287431793,23,0.22068806468525443,-0.48794681782461896,7.070019900797221,21.0,0.0016382308306225816,0.06937554494161596,0.1919773286816584,-0.026849081074773018,-24.603956274298497,0.06937554494161596,0.1919773286816584
2024-05-22,8,0.12076601871799075,-0.48460144036585073,35.13253174994036,140.0,0.008830062448776252,15,0.23457035268913,-0.6474235493159266,1.2957752786719565,107.0,0.024984386519424837,36,0.194217673796509,-0.3872861048099364,2.6025494139158045,143.0,0.0072035036738480026,0.2601374445059902,1.306774135243848,-0.16282210895007587,-33.83675647126841,0.2601374445059902,1.306774135243848
2024-05-23,7,0.12737245126064858,-0.6504171178987437,46.35216441737822,143.0,0.023224634005305073,14,0.23275128912136323,-0.34467084591073005,13.31902433250384,96.0,0.030932319021360136,35,0.19007829900963225,-0.4669353062183646,5.339908565080797,126.0,0.005481339826923353,-0.12226446030763455,-7.9791157674230435,0.30574627198801363,-33.033140084874375,-0.12226446030763455,-7.9791157674230435
2024-05-24,6,0.132688831011217,-0.3856660118723678,43.330281654479144,148.0,0.018684052310064383,13,0.23660206402358736,-0.7391994847330439,8.793227705840534,97.0,0.007408360884730489,27,0.20106750956864422,-0.398932481081245,8.765751560038343,18.0,0.0018000057577997972,0.34026700365179885,-0.02747614580219171,-0.35353347286067605,-34.53705394863861,0.34026700365179885,-0.02747614580219171
2024-05-27,10,0.28091745068587054,-1.025946874312338,8.597554351392244,112.0,0.013992245676234836,17,0.2450338887696797,-0.3084868374640447,0.46010818906838225,61.0,0.026467831761909085,31,0.20301690208279152,-0.5067154292547016,7.298356517971572,131.0,0.009243846462292482,-0.19822859179065688,6.83824832890319,0.7174600368482934,-8.137446162323862,-0.19822859179065688,6.83824832890319
2024-05-28,9,0.30803423441419076,-0.8815522729869263,9.03221478687489,107.0,0.01476580317386662,16,0.2626603993551576,-0.4674566348679705,5.8125786666850825,55.0,0.005185670961607799,30,0.21298671290663232,-0.4869279836234365,5.671911803372051,131.0,0.0037495487333865955,-0.019471348755465967,-0.14066686331303124,0.4140956381189558,-3.219636120189808,-0.019471348755465967,-0.14066686331303124
2024-05-29,8,0.3247541359216847,-0.364556431158592,13.411850079886051,121.0,0.01558970366672785,15,0.27167306213988485,-0.43458292010642274,8.422044804507786,65.0,0.004429000072736176,29,0.2179762469572325,-0.434082928569268,4.8080949967867275,141.0,0.005315565488495426,0.0004999915371547425,-3.613949807721059,-0.07002648894783076,-4.989805275378265,0.0004999915371547425,-3.613949807721059
2024-05-30,7,0.34500076734013607,-0.3598259918461233,5.648429647279279,141.0,0.03005020101092413,14,0.2778949747818956,-0.48396569420814006,8.682420511519975,82.0,0.008886872209600886,28,0.2225988603805407,-0.41954040786733304,4.99247459484297,142.0,0.005355566615848023,0.06442528634080702,-3.6899459166770052,-0.12413970236201677,3.033990864240696,0.06442528634080702,-3.6899459166770052
2024-05-31,6,0.3527659336112792,-0.5542883546150126,20.700047149124263,134.0,0.055050635499487854,13,0.283239187106525,-0.5898391955727516,23.126358879760165,100.0,0.013172418343961703,27,0.2263093870353652,-0.2302804753908589,3.912497374943559,143.0,0.01788864221201054,0.3595587201818926,-19.213861504816606,-0.03555084095773897,2.426311730635902,0.3595587201818926,-19.213861504816606
2024-06-03,10,0.26478048441949614,-0.08396566090456592,26.47231943269904,132.0,0.03144882750946637,17,0.22041787642324126,-0.32422114582952294,12.494063513662123,45.0,0.011108151179351206,24,0.20053460294884745,-0.3039247098162125,9.889916606427406,155.0,0.01492203799665605,0.020296436013310437,-2.6041469072347176,-0.24025548492495702,-13.978255919036918,0.020296436013310437,-2.6041469072347176
2024-06-04,9,0.33895109681673197,-0.9337683400171385,75.4917012483489,143.0,0.12677416284756127,16,0.3744219317402942,3.0784095366685933,-109.7680539445046,46.0,0.03157406991262067,23,0.2708272484242154,-0.5415016586368716,7.976075908120713,169.0,0.03191709334819359,-3.619911195305465,117.74412985262532,4.0121778766857314,-185.2597551928535,-3.619911195305465,117.74412985262532
2024-06-05,8,0.23704302021345658,0.35070300292950507,31.901058603644834,150.0,0.05437476541041292,15,0.19697478076590247,-0.4748983451129509,20.01232185651839,81.0,0.013390979462277276,29,0.1857114975679896,-1.482818624788973,4.458151382667211,23.0,0.03829238052780296,-1.007920279676022,-15.55417047385118,-0.825601348042456,-11.888736747126444,-1.007920279676022,-15.55417047385118
2024-06-10,10,0.162004493064255,-0.5523955191824395,25.231236882109414,173.0,0.011204686748218208,17,0.1513294918195281,-0.5450161206844308,17.69191296513194,177.0,0.007371108641442165,24,0.15814223622210977,-0.38154608278656765,9.351586895720118,91.0,0.006293761470745728,0.16347003789786319,-8.340326069411823,0.007379398498008616,-7.539323916977473,0.16347003789786319,-8.340326069411823
2024-06-11,9,0.13161611969837933,-0.7682516449505263,38.62134667762063,166.0,0.018004441959426697,16,0.12923040270578584,-0.47438852059539083,21.09221825730716,165.0,0.009820602381550041,30,0.1425587897642455,-0.5762816818889047,8.898576626504447,23.0,0.004974839406254471,-0.10189316129351389,-12.193641630802713,0.2938631243551355,-17.52912842031347,-0.10189316129351389,-12.193641630802713
2024-06-12,8,0.12890553779421665,-0.3170955133093504,28.203526757136927,175.0,0.008602628070420192,15,0.12675482769053764,-0.38272257144800903,18.839072525400045,153.0,0.003923903577925686,22,0.13462500679210326,-0.4128001166711778,13.88449222551648,79.0,0.003921406224762377,-0.030077545223168745,-4.954580299883565,-0.06562705813865866,-9.364454231736882,-0.030077545223168745,-4.954580299883565
2024-06-18,9,0.11729708725054613,-0.46566104216811643,25.54131448775537,165.0,0.011173878391153497,16,0.1114280936597454,-0.400106934467683,21.184754078304852,107.0,0.003912795877486113,23,0.11685506667820797,-0.37795261038576067,13.470637813613816,41.0,0.003366605371019667,0.022154324081922305,-7.714116264691036,0.06555410770043346,-4.356560409450516,0.022154324081922305,-7.714116264691036
2024-06-19,8,0.12761202092145407,-0.5240377061132302,31.24569218068937,160.0,0.03749612570628389,15,0.11903820101777629,-0.39478549560300025,21.925717650041484,115.0,0.011112755601997693,29,0.12520203048609643,-0.5122893517371925,7.998921491073906,16.0,0.0038304916842313783,-0.11750385613419223,-13.926796158967578,0.12925221051022995,-9.319974530647887,-0.11750385613419223,-13.926796158967578
2024-06-20,7,0.11957510532667792,-0.5426675345596432,30.24456892163431,157.0,0.01634160478927909,14,0.11035417601816336,-0.3721348798937554,22.170520767858513,116.0,0.004156979532576623,28,0.1222669098572319,-0.4352138254555494,11.723708230463767,25.0,0.0033867556869217673,-0.063078945561794,-10.446812537394745,0.17053265466588785,-8.074048153775799,-0.063078945561794,-10.446812537394745
2024-06-21,6,0.12342061034891445,-0.3772451105478698,32.99918718268838,146.0,0.026249814105970718,13,0.10926532287740223,-0.3384515229950704,25.204357453024507,145.0,0.005932088549376118,27,0.11934463023489161,-0.3862053226298866,11.14318671277665,34.0,0.004805063028914039,-0.047753799634816185,-14.061170740247857,0.03879358755279938,-7.794829729663874,-0.047753799634816185,-14.061170740247857
2024-06-24,10,0.12146609550146129,-0.42759957797348447,27.330519943573577,138.0,0.005584170322309555,17,0.12505342757064022,-0.3509544046455926,15.109545626509039,82.0,0.00472357847152964,31,0.1318637304592187,-0.38343592650834485,3.262383821872843,135.0,0.0053087425032232296,-0.03248152186275227,-11.847161804636196,0.07664517332789189,-12.220974317064538,-0.03248152186275227,-11.847161804636196
2024-06-25,9,0.12449238869642384,-0.607677710507881,33.547657521651765,155.0,0.007551951857313772,16,0.12739410726480793,-0.41833562289685733,14.377304140650367,96.0,0.003828799908089238,30,0.13440909318116812,-0.36483618689563424,2.9736832900635397,142.0,0.011712332134219863,0.05349943600122309,-11.403620850586826,0.18934208761102367,-19.170353381001398,0.05349943600122309,-11.403620850586826
2024-06-26,8,0.12431182224784357,-0.44425412439230283,31.71345444068643,143.0,0.003506286620408415,15,0.12568705992607476,-0.45305003123401844,16.996861940862285,99.0,0.0033277016255699367,29,0.13082414657396488,-0.3707997273811746,4.627151923808499,136.0,0.00531482167115871,0.08225030385284382,-12.369710017053787,-0.008795906841715606,-14.716592499824145,0.08225030385284382,-12.369710017053787
2024-06-27,7,0.11645456164415409,-0.6724778718298876,44.178776060590586,149.0,0.009964355637345417,14,0.1245184150846884,-0.46942266620316087,18.789734102973533,108.0,0.004175235447462315,28,0.1308539692975256,-0.39324153894782593,6.852067332210385,147.0,0.00959533816084759,0.07618112725533494,-11.937666770763148,0.20305520562672674,-25.389041957617053,0.07618112725533494,-11.937666770763148
2024-06-28,6,0.1178947639318575,-0.5717250723660923,48.038921551037134,154.0,0.021804115907491137,13,0.12111847044029203,-0.4472305921472013,23.050553119123364,120.0,0.010593780613659641,27,0.12612872777260137,-0.4153208710358081,8.585276317122469,151.0,0.008152808547384455,0.031909721111393174,-14.465276802000895,0.12449448021889098,-24.98836843191377,0.031909721111393174,-14.465276802000895
2024-07-02,9,0.12120333895867375,-0.4155001660278729,28.596856889903624,131.0,0.005187287129574355,16,0.122158654686258,-0.3743792602106414,16.978366856691288,84.0,0.004760400206305811,30,0.1309021025125727,-0.3548418126498228,8.864964399428807,36.0,0.002074677097096462,0.0195374475608186,-8.113402457262481,0.04112090581723149,-11.618490033212336,0.0195374475608186,-8.113402457262481
2024-07-04,7,0.09825047795479738,-0.42767383335027964,47.82884505818443,147.0,0.02392477030409814,14,0.10112677556813868,-0.3418361648527921,25.881280340571305,103.0,0.004186933854485553,28,0.12228099873188678,-0.309469698587961,10.806657082581713,44.0,0.0026041986518361804,0.03236646626483114,-15.074623257989591,0.08583766849748753,-21.947564717613123,0.03236646626483114,-15.074623257989591
2024-07-05,6,0.09952950155204363,-0.5504407743467317,52.876938960306454,141.0,0.0145231273362462,13,0.0956333799486864,-0.35634189747299705,27.795556525874083,110.0,0.00397903153465125,27,0.1206770629792429,-0.34900266511267564,10.516912044430933,52.0,0.00279285519144359,0.007339232360321413,-17.278644481443152,0.19409887687373462,-25.08138243443237,0.007339232360321413,-17.278644481443152
2024-07-08,10,0.10171482133104617,-0.37362919050211096,34.263931639672435,117.0,0.006349105973177182,17,0.12618298568003905,-0.3863163218874236,15.197692403643813,141.0,0.0051628314883606285,24,0.1326850613633952,-0.33197533890001335,9.227164865671721,52.0,0.004295005551246356,0.05434098298741025,-5.970527537972092,-0.012687131385312633,-19.066239236028622,0.05434098298741025,-5.970527537972092
2024-07-10,8,0.10135947358851857,-0.3163724426333794,38.749394278796544,119.0,0.004940179717244423,15,0.13891774814862384,-0.29263703072207625,14.478154874430151,158.0,0.006907993967764556,29,0.1429271046768034,-0.1657033502956771,5.193667241093534,25.0,0.004385307658535778,0.12693368042639916,-9.284487633336617,0.023735411911303128,-24.27123940436639,0.12693368042639916,-9.284487633336617
2024-07-11,7,0.09235849468058771,-0.41177737373885215,48.001448897598316,129.0,0.01698020670657507,14,0.13276697361187753,-0.36328138694977175,16.521160508860756,152.0,0.005805264906117047,28,0.13707130386118765,-0.35724088337447996,8.98968495944789,22.0,0.0022047066608619353,0.006040503575291789,-7.531475549412866,0.0484959867890804,-31.48028838873756,0.006040503575291789,-7.531475549412866
2024-07-12,6,0.09293977958775437,-0.607783930359868,56.904710098411606,123.0,0.018346811219734874,13,0.12974811482691848,-0.4710550221181688,17.67885930918858,161.0,0.010968677207990715,27,0.1337696626787234,-0.32675493674338774,8.623869245452685,35.0,0.00376886154872282,0.14430008537478106,-9.054990063735897,0.1367289082416992,-39.225850789223024,0.14430008537478106,-9.054990063735897
2024-07-16,9,0.14461991209219316,-0.44299603127876497,18.76376683342035,153.0,0.006437154343544022,16,0.14325779464032623,-0.31351027822247146,9.341483040920135,94.0,0.004030666958178464,23,0.1384971998601554,-0.2511199925552835,9.47129533779164,46.0,0.002459405343655054,0.06239028566718796,0.12981229687150453,0.1294857530562935,-9.422283792500213,0.06239028566718796,0.12981229687150453
2024-07-18,7,0.15767750439515138,-0.704134207958979,25.984882703804015,167.0,0.010862395594365215,14,0.14704358762664843,-0.4509418271698388,14.188584063279666,109.0,0.00322254928164486,27,0.138773889117097,-0.43224736483206005,9.068304726363802,21.0,0.0036593950607887297,0.018694462337778772,-5.120279336915864,0.25319238078914014,-11.796298640524348,0.018694462337778772,-5.120279336915864
2024-07-19,6,0.180808157656959,-0.2504658103206443,27.989522888358874,177.0,0.024569275064740975,13,0.15812510409345268,-0.17473618404048613,15.175096620642114,127.0,0.0036488415978183702,26,0.14863275804858,-0.5100917227589108,7.992746998317257,34.0,0.007212160329900837,-0.33535553871842466,-7.182349622324857,0.07572962628015817,-12.81442626771676,-0.33535553871842466,-7.182349622324857
2024-07-22,10,0.17358537871340904,-0.4120381110779858,23.908155755157214,136.0,0.003259298135212187,17,0.15641998141615168,-0.42309597360402174,14.733918658978208,84.0,0.00471268632301983,23,0.15646586211225985,-0.45154782105489927,6.1211965034587905,39.0,0.003854857851107791,-0.028451847450877532,-8.612722155519418,-0.011057862526035911,-9.174237096179006,-0.028451847450877532,-8.612722155519418
2024-07-23,9,0.13307225548328697,-0.39515680356795824,32.294973876798934,139.0,0.013017108828326204,16,0.1289436069584276,-0.31865750905986523,18.893892226266107,100.0,0.008812592144417092,30,0.13817257013008166,-0.245443215253439,5.7175534893736,24.0,0.02726071285570642,0.07321429380642622,-13.176338736892507,0.07649929450809301,-13.401081650532827,0.07321429380642622,-13.176338736892507
2024-07-24,8,0.1183808976338912,-0.3199120662661039,34.89955732563606,132.0,0.007113848682131077,15,0.114410687415736,-0.3070668554159979,21.41819159727224,94.0,0.003965625514598349,29,0.11351583076574745,-0.20483496403892384,13.223778979048138,25.0,0.005638365378223986,0.10223189137707403,-8.194412618224103,0.012845210850106037,-13.48136572836382,0.10223189137707403,-8.194412618224103
2024-07-25,7,0.11239192558027465,-0.33105077282550766,36.91237480988958,136.0,0.009568868514313092,14,0.11224196806784684,-0.27858230932208383,20.905432893404704,100.0,0.003330939584114523,28,0.12341594544728075,-0.2455898317613324,7.947536097327675,38.0,0.00457471308764173,0.03299247756075144,-12.95789679607703,0.05246846350342382,-16.006941916484873,0.03299247756075144,-12.95789679607703
2024-07-26,6,0.1066257553428106,-0.6215571733274114,49.30075444214574,133.0,0.006703292406352111,13,0.10548556679528287,-0.45814409553731195,26.806883092865593,114.0,0.0036115440345279083,27,0.11528148081077519,-0.4405905320545672,11.051940499626014,50.0,0.006268036827846474,0.017553563482744727,-15.75494259323958,0.1634130777900995,-22.493871349280145,0.017553563482744727,-15.75494259323958
2024-07-30,9,0.11149965693620519,-0.4181170835044097,35.95396552647929,116.0,0.008737431407264082,15,0.11587132920065962,-0.3127046207068487,21.520278091241487,84.0,0.0036142234350719765,30,0.11683872080094015,-0.3202764993344074,6.138713396775353,139.0,0.004922829303833688,-0.0075718786275587036,-15.381564694466134,0.105412462797561,-14.4336874352378,-0.0075718786275587036,-15.381564694466134
2024-07-31,8,0.11698140019888158,-0.3563011632240968,34.07772509194467,116.0,0.006424593694952138,14,0.11916776023658675,-0.36837573446778576,20.472340287111074,87.0,0.0034223920846309162,29,0.11943981651146018,-0.38429728075498737,6.161164089663961,134.0,0.0027254105688494807,-0.015921546287201604,-14.311176197447113,-0.012074571243688992,-13.605384804833598,-0.015921546287201604,-14.311176197447113
2024-08-01,7,0.10690186643423978,-0.4181575052949549,40.902637766388956,123.0,0.004270795052234892,13,0.10981214230411668,-0.37727709160350253,24.571436450264294,98.0,0.0028409323051997266,28,0.11431744049031908,-0.35633008129312177,6.819845088912663,143.0,0.004444133074798925,0.020947010310380765,-17.75159136135163,0.040880413691452344,-16.331201316124663,0.020947010310380765,-17.75159136135163
2024-08-02,6,0.12530946835880288,-0.5051818615386239,44.77640799538524,128.0,0.02029585867825627,12,0.12363651618952833,-0.41454476207196156,22.964062348615666,112.0,0.0028128510066109396,27,0.12772788465975604,-0.4034462262111189,8.003270430122491,152.0,0.004702674694707673,0.01109853586084264,-14.960791918493175,0.09063709946666232,-21.812345646769575,0.01109853586084264,-14.960791918493175
2024-08-05,9,0.20886052603684968,-0.9760987114613074,21.738324426707063,130.0,0.01538258328497474,17,0.18422244372242608,-0.8687103171135309,16.04310218248629,89.0,0.019584166250757238,24,0.1826002873807982,-0.7133049725228905,10.037070805203196,187.0,0.012967979752818421,0.15540534459064037,-6.006031377283094,0.10738839434777658,-5.695222244220773,0.15540534459064037,-6.006031377283094
2024-08-06,8,0.18366729599781126,-0.7384605524132678,31.252452603366933,133.0,0.01063457913270196,16,0.17517014957555674,-0.7999262890816949,6.89491515067639,91.0,0.009075158569885701,30,0.16836900885268746,-0.7661396871505687,5.778734929126159,28.0,0.012385311702349213,0.03378660193112626,-1.1161802215502306,-0.06146573666842714,-24.357537452690543,0.03378660193112626,-1.1161802215502306
2024-08-07,7,0.14977462995178278,-0.6696424044156641,31.34054513206673,137.0,0.016216661034991465,15,0.14010465147400133,-0.6228793024027197,18.458929493029203,98.0,0.003500704734468002,29,0.140731167542486,-0.6080636184281887,12.067527651103358,26.0,0.003386320439244246,0.014815683974531035,-6.391401841925845,0.046763102012944424,-12.881615639037527,0.014815683974531035,-6.391401841925845
2024-08-09,5,0.13138159493671656,-0.6362330020816471,43.73894114089872,137.0,0.015327509372104893,13,0.12684490494792663,-0.5842867640815017,20.945198486753505,122.0,0.003401093456341567,27,0.13144945914219286,-0.48864224112789584,11.544913737232672,47.0,0.004998188428191586,0.09564452295360587,-9.400284749520832,0.05194623800014542,-22.793742654145213,0.09564452295360587,-9.400284749520832
2024-08-12,10,0.13477995544769833,-0.6295022903994182,24.235654882863148,125.0,0.00723753974678945,17,0.13512954366495877,-0.5239605338411029,16.78494070378809,166.0,0.00694167442025715,31,0.13315380783847527,-0.5026336846139815,12.41768890690546,18.0,0.0025188719442470024,0.02132684922712136,-4.367251796882632,0.10554175655831532,-7.450714179075057,0.02132684922712136,-4.367251796882632
2024-08-13,9,0.14214749509643615,-0.5116930506336962,23.708023818724435,125.0,0.006948693156215207,16,0.14329867562935122,-0.32179168871138075,15.09713899183648,166.0,0.028518664369005187,30,0.14552319650016976,-0.6996667966911295,6.734206686559528,26.0,0.010905138684923448,-0.37787510797974877,-8.362932305276953,0.18990136192231544,-8.610884826887954,-0.37787510797974877,-8.362932305276953
2024-08-14,8,0.12151873645930883,-0.43123463691648944,30.029677646663842,135.0,0.007856201283780015,15,0.12875012012183018,-0.4955728081077174,18.684214408535027,163.0,0.005779329199347844,29,0.13309829976931895,-0.512993097450725,10.876816220707887,27.0,0.0016556065542552845,-0.017420289343007545,-7.80739818782714,-0.06433817119122798,-11.345463238128815,-0.017420289343007545,-7.80739818782714
2024-08-16,6,0.11149340865371417,-0.612544803102147,43.96492773377616,130.0,0.011756446152179119,13,0.11252282492357549,-0.5688318983698406,26.60184458543728,165.0,0.005308422724660738,27,0.11724129979486173,-0.5546599526283236,14.6288684587352,46.0,0.004266711032427677,0.014171945741517034,-11.972976126702081,0.04371290473230638,-17.363083148338877,0.014171945741517034,-11.972976126702081
2024-08-19,10,0.11609318950748221,-0.5596778422859776,31.188868066292393,160.0,0.007948773871530751,17,0.11610951231850669,-0.5013583991342544,20.257701228323366,86.0,0.002437775634824953,31,0.12356270030358066,-0.640402171309859,6.543192802804505,16.0,0.003488693587012039,-0.1390437721756046,-13.714508425518861,0.058319443151723216,-10.931166837969027,-0.1390437721756046,-13.714508425518861
2024-08-20,9,0.11069323836341996,-0.5881961957877249,35.193037345203905,155.0,0.007140027928920851,16,0.10974291942783132,-0.47896599532980444,22.51062922743885,97.0,0.002202724751729278,30,0.11600504722257554,-0.4420089585276624,8.276337821767406,16.0,0.0019424896690155308,0.03695703680214202,-14.234291405671446,0.10923020045792042,-12.682408117765053,0.03695703680214202,-14.234291405671446
2024-08-21,8,0.10586924820770258,-0.5120086831741557,37.539652474786855,159.0,0.007959114882963886,15,0.10431105375651711,-0.45401491076964373,23.455507198192645,98.0,0.0031362649349223858,29,0.11502999283104753,-0.41760043467022245,6.347602209716198,22.0,0.0018430206127273317,0.03641447609942128,-17.10790498847645,0.05799377240451198,-14.08414527659421,0.03641447609942128,-17.10790498847645
2024-08-23,6,0.10578526099867142,-0.5636807863594919,46.65104384336668,158.0,0.006748945526375549,13,0.10449482195834603,-0.445960648677717,25.94562948072641,116.0,0.0040170086123864175,27,0.11466097187627224,-0.45367367725007623,9.21610431245449,32.0,0.0022565990673179435,-0.007713028572359226,-16.72952516827192,0.11772013768177492,-20.70541436264027,-0.007713028572359226,-16.72952516827192
2024-08-26,10,0.10678418125969148,-0.5456486095938773,33.45319573054672,125.0,0.004517041885010188,17,0.11194753338588828,-0.4298345341114716,16.252618223591313,82.0,0.005328466925475944,31,0.11463944369861645,-0.4683447843442128,10.482125946167987,131.0,0.005308292485904403,-0.03851025023274118,-5.770492277423326,0.11581407548240569,-17.200577506955405,-0.03851025023274118,-5.770492277423326
2024-08-27,9,0.1007889896863281,-0.5250546199834001,38.67541297358004,127.0,0.009005919057127042,16,0.10766790495309801,-0.3848111913739254,19.886166133465775,87.0,0.004014173363211764,30,0.11375557470464764,-0.4373955064205582,10.642170604327315,131.0,0.005433687807499582,-0.0525843150466328,-9.24399552913846,0.1402434286094747,-18.789246840114263,-0.0525843150466328,-9.24399552913846
2024-08-28,8,0.0984762380499078,-0.44724368000242865,42.43893017446128,124.0,0.012311481948772757,15,0.10547090631339004,-0.4490389391639128,22.713200574004095,94.0,0.003919147875258752,29,0.11464155171739213,-0.44601137376153854,11.453718109298743,136.0,0.00689427823902399,0.003027565402374255,-11.259482464705352,-0.0017952591614841529,-19.725729600457182,0.003027565402374255,-11.259482464705352
2024-08-29,7,0.09476069424511885,-0.6301489792098778,50.839696061815744,136.0,0.008292674416020503,14,0.10014073561338457,-0.44699908596435056,22.741342384573578,110.0,0.0046549580392111775,28,0.11408511911487554,-0.3980960621220516,12.135515761900082,135.0,0.01099912764140612,0.04890302384229894,-10.605826622673495,0.18314989324552722,-28.098353677242166,0.04890302384229894,-10.605826622673495
2024-08-30,6,0.09425188865814788,-0.6937879751357625,57.16918875152366,131.0,0.007676674076488973,13,0.0958535442026895,-0.4690185390461413,29.164289979612576,115.0,0.004346936895175363,27,0.1112114846174593,-0.4975152174069246,12.368932735850327,143.0,0.005676085546078067,-0.02849667836078329,-16.795357243762247,0.2247694360896212,-28.004898771911087,-0.02849667836078329,-16.795357243762247
2024-09-03,9,0.10254501426621229,-0.5118417055307138,36.895746594820494,129.0,0.005173448045114589,16,0.11017501210712138,-0.4945608425833562,20.141329037723192,81.0,0.004080057357490603,30,0.12307363548460375,-0.5330757926596428,8.553262214683919,35.0,0.0024740617620933876,-0.03851495007628658,-11.588066823039274,0.017280862947357645,-16.7544175570973,-0.03851495007628658,-11.588066823039274
2024-09-04,8,0.10572496772103629,-0.5759636615795889,41.42903679288014,131.0,0.0042677603760729235,15,0.11294674272242652,-0.5589201383715536,23.942277398269233,95.0,0.004407450146640191,29,0.12889512466873998,-0.566850277502839,9.39960407639029,43.0,0.002157594249698532,-0.007930139131285374,-14.542673321878944,0.01704352320803526,-17.486759394610907,-0.007930139131285374,-14.542673321878944
2024-09-05,7,0.0985547447899601,-0.511521620505355,45.55328977865123,139.0,0.008514541173611376,14,0.10747008600564897,-0.5303025077935922,25.174417269202387,110.0,0.003952606669489705,28,0.12746161337087628,-0.5669403228481225,9.531057881446289,43.0,0.0025320603222712384,-0.03663781505453023,-15.643359387756098,-0.018780887288237236,-20.37887250944884,-0.03663781505453023,-15.643359387756098
2024-09-06,6,0.13109905614776438,-0.6950806205677817,44.69402376368308,144.0,0.016412859553849506,13,0.12593875710180602,-0.5855479215935546,23.721847851798397,128.0,0.004217359678218874,27,0.13888785990853378,-0.503463131217071,8.849051040603406,56.0,0.004248091568994271,0.08208479037648364,-14.872796811194991,0.10953269897422713,-20.97217591188468,0.08208479037648364,-14.872796811194991
2024-09-09,10,0.12149490113603262,-0.47129960601001775,29.48363743991952,128.0,0.004027316945606204,17,0.13003284466908674,-0.5261997767005792,17.04637868841537,141.0,0.0048796995502141316,31,0.13636950111888538,-0.42081397252674296,6.388630277569579,24.0,0.0023958058381010777,0.1053858041738362,-10.657748410845791,-0.05490017069056141,-12.43725875150415,0.1053858041738362,-10.657748410845791
2024-09-10,9,0.11129688783774178,-0.5935674362157868,35.0976440434482,130.0,0.010778803525723142,16,0.11971605870821181,-0.5075230722579117,19.45409636777215,142.0,0.00520197565539007,30,0.1288707737064564,-0.4100999834544805,6.384841688799596,29.0,0.003638767541090186,0.0974230888034312,-13.069254678972552,0.08604436395787507,-15.64354767567605,0.0974230888034312,-13.069254678972552
2024-09-11,8,0.11370328221641049,-0.436893649327623,35.179602254062964,128.0,0.004436899535646384,15,0.12411876972096339,-0.4945379105333305,19.406516985582947,144.0,0.008146402387663263,29,0.1297395024492362,-0.44420998902347986,8.145752010945984,37.0,0.002382683953486916,0.05032792150985066,-11.260764974636963,-0.05764426120570754,-15.773085268480017,0.05032792150985066,-11.260764974636963
2024-09-12,7,0.11282637777588822,-0.6998330929304295,47.673556388667556,129.0,0.01080808618908154,14,0.12124293387223478,-0.5147472140730285,19.644677920556106,142.0,0.006901197181186674,28,0.11954605929258663,-0.479127920376796,9.484322005203136,40.0,0.00855318570070615,0.03561929369623246,-10.16035591535297,0.18508587885740102,-28.02887846811145,0.03561929369623246,-10.16035591535297
2024-09-17,9,0.1269215727011599,-0.5937776403742121,26.12229344042251,148.0,0.012087789501710428,16,0.11433946622059532,-0.6055422449087291,23.06815927989821,96.0,0.008474424616462285,23,0.11719438378563818,-0.5040117725860302,14.41141424984562,46.0,0.0019075368025263935,0.10153047232269885,-8.65674503005259,-0.011764604534516998,-3.054134160524299,0.10153047232269885,-8.65674503005259
2024-09-18,8,0.14415764766750025,-0.6499603119898949,26.577036016238885,148.0,0.011073511076087332,15,0.12518402158619152,-0.6111512221131497,21.898072228155975,99.0,0.004038211928791259,29,0.12371181728979178,-0.544966938402729,12.217384605393603,23.0,0.003255868826870664,0.06618428371042062,-9.680687622762372,0.03880908987674525,-4.6789637880829105,0.06618428371042062,-9.680687622762372
2024-09-19,7,0.12400575061429701,-0.6130397023450402,31.426474902608717,150.0,0.01368870383719825,14,0.10688274756477828,-0.6589572317119072,29.472036239385524,105.0,0.004026965009736832,28,0.1147464006997356,-0.5196644797037535,13.255617595475414,29.0,0.002464133168352034,0.13929275200815372,-16.21641864391011,-0.045917529366866994,-1.9544386632231934,0.13929275200815372,-16.21641864391011
2024-09-20,6,0.12426938827168743,-1.0009718456827588,40.4026981134876,154.0,0.018897106668806663,13,0.10579294774171316,-0.7730868886302477,30.29684507415768,118.0,0.005742476737483725,27,0.11727941524722253,-0.6134653813358528,13.074532326343519,47.0,0.013316197095805544,0.15962150729439484,-17.22231274781416,0.2278849570525111,-10.105853039329922,0.15962150729439484,-17.22231274781416
2024-09-23,10,0.11769223178691958,-0.6943721790042219,42.16658580659248,131.0,0.005131567157623147,17,0.12558545832505025,-0.5685972213833625,19.377153242851403,88.0,0.0026062161109733045,31,0.12874387305548182,-0.46586027187605666,7.378707298636408,27.0,0.001767656167410677,0.10273694950730589,-11.998445944214994,0.12577495762085933,-22.789432563741077,0.10273694950730589,-11.998445944214994
2024-09-24,9,0.11420912076793377,-0.6838324868970929,42.86816082908722,135.0,0.0064168165029276246,16,0.1200246853586911,-0.5597702208876836,21.779532178890676,93.0,0.003102972054436039,30,0.12505892508706917,-0.4135076595757901,7.706466055453802,30.0,0.0021134884848723304,0.14626256131189347,-14.073066123436874,0.12406226600940928,-21.088628650196547,0.14626256131189347,-14.073066123436874
2024-09-25,8,0.10626119051643047,-0.5580646878785711,44.51878171875404,128.0,0.0037274567492784783,15,0.11098204470470502,-0.45043176279419117,23.78167821598832,100.0,0.005221324317975324,29,0.11694354746414173,-0.3938216061191845,10.869160719050841,36.0,0.003811764331820062,0.056610156675006684,-12.91251749693748,0.10763292508437994,-20.73710350276572,0.056610156675006684,-12.91251749693748
2024-09-26,7,0.10634152645628613,-0.50360283263249,53.25770182605574,137.0,0.005233468324910225,14,0.10613377197325405,-0.44050257487588107,29.20976519761365,108.0,0.0040358800354903576,28,0.10665827550201952,-0.43020475561800864,14.746063005470063,45.0,0.004553567445348757,0.010297819257872431,-14.463702192143586,0.06310025775660888,-24.047936628442088,0.010297819257872431,-14.463702192143586
2024-09-27,6,0.0970619895260062,-0.6749278880475189,64.77045567463986,142.0,0.01366116497881253,13,0.10191903941081164,-0.5046379127870629,31.140655946770174,116.0,0.003348023974389987,27,0.10719341516029085,-0.46831725671130153,14.00904041215453,50.0,0.002466977498095769,0.036320656075761404,-17.131615534615644,0.17028997526045597,-33.62979972786969,0.036320656075761404,-17.131615534615644
2024-10-01,9,0.10238390659880262,-0.3831709632935534,36.7533649002146,132.0,0.004943070132308955,16,0.10383123757591617,-0.3106301274132014,23.399865255922812,87.0,0.0026963263026893646,30,0.1060711498913894,-0.3865935651886418,11.940450903935286,150.0,0.0044524458571456585,-0.0759634377754404,-11.459414351987526,0.07254083588035198,-13.353499644291787,-0.0759634377754404,-11.459414351987526
2024-10-03,7,0.1362813852638371,-0.4281919688006528,37.157800290480594,148.0,0.01100737107403634,14,0.12291434599402398,-0.3692712787785129,26.325904467659317,103.0,0.004299687387414683,28,0.11483052431124718,-0.3731552417382541,13.737886062995653,169.0,0.012018845745408766,-0.003883962959741194,-12.588018404663664,0.0589206900221399,-10.831895822821277,-0.003883962959741194,-12.588018404663664
2024-10-04,6,0.15509293380244443,-0.19816055389261922,36.52483391132023,150.0,0.026465890014242894,13,0.13458577008906966,-0.3844082331885045,27.140714230188458,127.0,0.005026638509345517,27,0.12735188846726778,-0.4716426836241918,13.207791906594485,170.0,0.013470721976485873,-0.08723445043568734,-13.932922323593973,-0.18624767929588526,-9.384119681131772,-0.08723445043568734,-13.932922323593973
2024-10-07,10,0.15636069628612692,-0.38163690117080706,29.332870040278195,133.0,0.007216597069886489,17,0.14420851451874978,-0.3039218504819988,22.613515106483774,101.0,0.007540401528143983,31,0.13454877815003444,-0.5873318747289349,12.459116428814918,27.0,0.01094345984540149,-0.28341002424693607,-10.154398677668857,0.07771505068880824,-6.7193549337944205,-0.28341002424693607,-10.154398677668857
2024-10-08,9,0.15032277516722853,-0.4550785083786548,28.45620087780446,142.0,0.010823986946732672,16,0.13861583583816586,-0.41217368295447837,20.371350708195685,93.0,0.00551677624860872,30,0.12992251884460806,-0.6595538536232586,15.428399239109726,24.0,0.006591277125289324,-0.2473801706687802,-4.942951469085958,0.04290482542417645,-8.084850169608774,-0.2473801706687802,-4.942951469085958
2024-10-15,9,0.11555660299747768,-0.1446447562824702,30.342115507871885,131.0,0.0073580783121059866,16,0.11538687287104815,-0.30925118598073464,18.995055181546576,156.0,0.005351811772048896,23,0.1253087820222331,-0.3126020508078901,11.907828453332508,47.0,0.0030256569926068928,-0.003350864827155464,-7.087226728214068,-0.16460642969826444,-11.347060326325309,-0.003350864827155464,-7.087226728214068
2024-10-18,6,0.11253261085077428,-0.13300545957536458,45.0556195243558,141.0,0.012876972043039324,13,0.11423962149754854,-0.33004569530107664,22.204664346984455,162.0,0.008889868778609651,27,0.12428140755103578,-0.4721197070412498,11.961109869616191,38.0,0.0020266468600921616,-0.14207401174017315,-10.243554477368264,-0.19704023572571205,-22.850955177371343,-0.14207401174017315,-10.243554477368264
2024-10-22,9,0.1345893624689561,-0.05893175871360645,29.20125610372242,170.0,0.012652923298838147,16,0.1392457536943752,-0.3933918682236231,14.986117242040574,101.0,0.0024169012371189845,23,0.14306389262120672,-0.39511524437040285,6.422101909665814,49.0,0.004532479580261308,-0.0017233761467797537,-8.56401533237476,-0.33446010951001665,-14.215138861681847,-0.0017233761467797537,-8.56401533237476
2024-10-24,7,0.12316984457511909,0.07847644930264464,33.92689119711434,160.0,0.014621089208681128,14,0.1282340491144135,-0.47007595988359585,19.23515802525281,103.0,0.0035253663897125117,28,0.1322585394757624,-0.5297843161920704,9.311965842015976,28.0,0.002254674657432562,-0.0597083563084746,-9.923192183236836,-0.5485524091862405,-14.691733171861525,-0.0597083563084746,-9.923192183236836
2024-10-25,6,0.12628756482470022,0.4216889943916304,52.83192838302962,171.0,0.03928178198553248,13,0.13678148095455656,-0.3454034913537971,19.81495019719948,121.0,0.01228112596119601,27,0.13984527347964876,-0.5862922838627227,10.014513612270193,44.0,0.00563644129480288,-0.2408887925089256,-9.800436584929287,-0.7670924857454275,-33.01697818583014,-0.2408887925089256,-9.800436584929287
2024-10-28,10,0.14000044281653434,-0.5638453622972646,22.162086172339635,132.0,0.007614727909366865,17,0.13572955882013774,-0.5751569031473496,15.929994948993738,86.0,0.002578570273378496,31,0.13312717589077777,-0.465196568230294,8.984371717278796,144.0,0.004864791027930875,0.10996033491705559,-6.945623231714942,-0.011311540850085011,-6.232091223345897,0.10996033491705559,-6.945623231714942
2024-10-29,9,0.14188071271993496,-0.6301739298577165,25.039859346991236,128.0,0.006549596496860467,16,0.13650001501555467,-0.6116229572377196,15.740953846523173,99.0,0.0036086188458660257,30,0.135086591923399,-0.5712942782553856,8.278153058569433,145.0,0.010417402145866053,0.040328678982334054,-7.462800787953739,0.01855097261999683,-9.298905500468063,0.040328678982334054,-7.462800787953739
2024-10-30,8,0.1518215592727941,-0.5339060295632898,22.3151679100158,132.0,0.007724667206200027,15,0.14826597717914186,-0.6195702159723697,13.272265348291551,100.0,0.002887617311298013,29,0.14554486423116447,-0.523026401922698,5.915353972908022,142.0,0.006402317782849886,0.09654381404967172,-7.356911375383529,-0.08566418640907991,-9.042902561724247,0.09654381404967172,-7.356911375383529
2024-11-01,6,0.15853588216598405,-0.6084046266971174,25.633473785062563,131.0,0.008650690693169167,13,0.1491377185540961,-0.5823610133428538,12.955056028011109,104.0,0.00321883522798686,27,0.14781003136550408,-0.5086112242679262,6.654177332841858,125.0,0.0059291314197072115,0.07374978907492769,-6.300878695169251,0.02604361335426353,-12.678417757051454,0.07374978907492769,-6.300878695169251
2024-11-04,10,0.1714910700018238,-0.28917904784795134,21.137466896068553,136.0,0.03214359170135084,17,0.1606260206122657,-0.5125224374406143,11.807910586757725,77.0,0.0050444610640902636,31,0.15630057248277385,-0.4815989194193584,4.059259117284061,29.0,0.0034215721982123323,0.030923518021255925,-7.748651469473664,-0.22334338959266298,-9.329556309310828,0.030923518021255925,-7.748651469473664
2024-11-05,9,0.1645462639097398,-0.523317851780402,21.42546221150619,134.0,0.016800201977569353,16,0.15203701614062276,-0.6142101218700109,15.042013655273346,88.0,0.002795525769256771,30,0.15096918225656067,-0.5308189916033563,4.325803947991316,31.0,0.00886084622202537,0.08339113026665457,-10.71620970728203,-0.09089227008960887,-6.383448556232844,0.08339113026665457,-10.71620970728203
2024-11-06,8,0.13568926725156027,-0.447603767966272,30.352155748865645,137.0,0.01566105117927097,15,0.1292041987707441,-0.4485192600042688,19.86904061654704,95.0,0.0033911922584855844,29,0.13004752023178529,-0.04332444210583642,10.675749670797595,39.0,0.016833268225728434,0.40519481789843237,-9.193290945749444,-0.0009154920379967901,-10.483115132318606,0.40519481789843237,-9.193290945749444
2024-11-08,6,0.12092457408660932,-0.06898432267879351,43.86773785966834,136.0,0.009856747991550117,13,0.11815054427317444,-0.3171485157013435,22.465702809872134,114.0,0.0053879203577304495,27,0.13440095221532916,-0.5910008979977831,10.234629701609606,42.0,0.008506327513810358,-0.2738523822964396,-12.231073108262528,-0.24816419302255,-21.402035049796204,-0.2738523822964396,-12.231073108262528
2024-11-22,6,0.16810674357711777,-0.21442651425449166,30.411675231866028,176.0,0.023399664148177974,13,0.14244679147017095,-0.791678012912417,20.163930322465944,133.0,0.008703997597491882,27,0.14029314421058833,-0.6578037808374554,9.6451083062663,29.0,0.008433171558027194,0.13387423207496163,-10.518822016199644,-0.5772514986579254,-10.247744909400083,0.13387423207496163,-10.518822016199644
2024-11-25,10,0.13974734916305998,-0.6230418901238146,32.25025892700497,143.0,0.015012679253387224,17,0.13216932905130363,-0.5733451619129872,18.638686464398788,96.0,0.003586351501808712,31,0.12783786367897582,-0.41361084312196217,10.378487992595861,175.0,0.007105795689423839,0.15973431879102507,-8.260198471802926,0.04969672821082738,-13.611572462606183,0.15973431879102507,-8.260198471802926
2024-11-26,9,0.13107131408769976,-0.6139079586064635,32.84970960171596,138.0,0.01187477820489235,16,0.12873844813260238,-0.5819326776263287,20.758418009940208,96.0,0.005165722252448629,30,0.12706495196020742,-0.44989294274042513,10.687527978661775,161.0,0.00589529778220518,0.1320397348859036,-10.070890031278433,0.0319752809801348,-12.09129159177575,0.1320397348859036,-10.070890031278433
2024-11-27,8,0.11528525623549388,-0.48006434341086845,40.645785315257626,137.0,0.015854535805299396,15,0.1212107667563575,-0.4503641380881807,18.513164923198325,102.0,0.0037767726948780486,29,0.12162898785197482,-0.3633506806227048,11.100641743570055,165.0,0.007015744559199447,0.0870134574654759,-7.41252317962827,0.029700205322687745,-22.1326203920593,0.0870134574654759,-7.41252317962827
2024-11-28,7,0.13465128430101841,-0.30746038986574487,36.04557405258728,144.0,0.02194064410529192,14,0.13417281588695681,-0.37605150952508515,16.437306748640545,108.0,0.0047307070539180434,28,0.13236803433548622,-0.3768917967851061,9.631317238529798,175.0,0.008280340979150978,-0.0008402872600209443,-6.805989510110747,-0.06859111965934028,-19.608267303946732,-0.0008402872600209443,-6.805989510110747
2024-11-29,6,0.12140988271491142,-0.5165526358224679,40.64257501830665,136.0,0.009969624231928372,13,0.1243725444948513,-0.454328954185658,18.543133792677253,117.0,0.004836968837515515,27,0.12420404601238184,-0.41215189101770333,10.439502625612885,166.0,0.00459586893100889,0.042177063167954665,-8.103631167064368,0.06222368163680991,-22.0994412256294,0.042177063167954665,-8.103631167064368
2024-12-09,10,0.14412278620279168,-0.2707855905978263,18.17944468615652,138.0,0.004995327694248555,17,0.13641586719230792,-0.3443869651372192,14.593537787715302,178.0,0.004888988641538249,24,0.13901137681338088,-0.40243999791032325,8.649769641104509,60.0,0.0053400271265718795,-0.05805303277310403,-5.943768146610793,-0.07360137453939292,-3.585906898441216,-0.05805303277310403,-5.943768146610793
2024-12-12,7,0.11708226808109432,-0.35590507672988947,39.03664990071184,141.0,0.01533839701294075,14,0.12598724119992855,-0.2562979798035012,18.316075348921974,178.0,0.011924288817269023,28,0.12657575745212435,-0.42154621146540416,4.330945008774608,19.0,0.0020142957369689,-0.16524823166190294,-13.985130340147364,0.09960709692638825,-20.72057455178987,-0.16524823166190294,-13.985130340147364
2024-12-18,8,0.15905539666173638,0.10370955390323089,24.745730169235806,184.0,0.018583640165383757,15,0.14382143698298205,-0.03168018584495602,16.492179128786752,105.0,0.0035073803647746133,22,0.14154562379071275,-0.1217809136073014,12.507685244577953,45.0,0.0022479498750842303,-0.09010072776234537,-3.984493884208799,-0.1353897397481869,-8.253551040449054,-0.09010072776234537,-3.984493884208799
2024-12-19,7,0.15712475887398678,-0.05133976899445469,25.990079797359805,180.0,0.011034986533894548,14,0.1475354390870786,-0.09056358120350033,15.455101209497645,125.0,0.002267538065725938,28,0.13818105122298763,-0.2281074354747515,17.999130997239273,29.0,0.00701089403019205,-0.13754385427125118,2.5440297877416285,-0.03922381220904564,-10.53497858786216,-0.13754385427125118,2.5440297877416285
2024-12-23,10,0.13196421339201847,-0.241830543824486,25.910853708404254,138.0,0.0113290628381519,17,0.13259729930256614,-0.26136887068113424,17.30094026822314,106.0,0.005916102090452754,24,0.13418518147228514,-0.2686913206489235,8.561215616360487,49.0,0.0036361493324479854,-0.007322449967789246,-8.739724651862653,-0.019538326856648247,-8.609913440181113,-0.007322449967789246,-8.739724651862653
2024-12-24,9,0.1201815950806186,-0.21045974706535397,29.977513591285778,132.0,0.0074843681891306225,16,0.12278810432463132,-0.2761479189706641,19.173701946105112,106.0,0.0036817472360060697,23,0.12545066654816747,-0.32723892956526895,12.942689834307526,50.0,0.0025912818535046658,-0.05109101059460486,-6.231012111797586,-0.06568817190531012,-10.803811645180666,-0.05109101059460486,-6.231012111797586
2024-12-26,7,0.13239312336932557,-0.348576796086809,31.958485770050316,139.0,0.011037516485076943,14,0.13388155552271247,-0.39178972451581595,15.382174151083461,105.0,0.0035750119805084374,28,0.13497518936694278,-0.39880234577236734,5.841572462320498,25.0,0.003527402937634644,-0.007012621256551388,-9.540601688762964,-0.043212928429006925,-16.576311618966855,-0.007012621256551388,-9.540601688762964
2024-12-27,6,0.11947087749279926,-0.27068048830161584,37.95691748192719,133.0,0.011306179905260368,13,0.1179643110657573,-0.37625678107128346,20.600357356986784,123.0,0.007127135771792197,27,0.12712479050673267,-0.3791982975080608,7.5136128006846,26.0,0.0018437965107729107,-0.002941516436777314,-13.086744556302184,-0.10557629276966762,-17.35656012494041,-0.002941516436777314,-13.086744556302184
2024-12-30,10,0.13090648066497224,-0.22296489733180025,22.20142905343165,125.0,0.005407809918156774,17,0.13315467002899226,-0.34702805556486044,11.407042301498073,81.0,0.003216199038645442,31,0.1319246220141102,-0.34822321243460125,6.469561206608748,145.0,0.003068986104126082,-0.00119515686974081,-4.937481094889326,-0.12406315823306019,-10.794386751933576,-0.00119515686974081,-4.937481094889326
2024-12-31,9,0.14554617471092912,-0.38657973978562465,22.93560490558961,126.0,0.007688038374957667,16,0.14269021413539162,-0.4306593986048179,11.10107305288211,96.0,0.004485485502608602,30,0.1372676916048078,-0.3647605489604501,6.397940286014149,147.0,0.005373398612571569,0.06589884964436776,-4.703132766867961,-0.044079658819193235,-11.8345318527075,0.06589884964436776,-4.703132766867961
2025-01-01,8,0.1518525269410152,-0.3996208210290898,23.041869460209238,135.0,0.010790735210134359,15,0.14493230863822032,-0.4805593481977637,10.464557705768636,96.0,0.004208651929341864,29,0.1372448662464225,-0.40532202110313476,6.214541924055823,145.0,0.004237829020540544,0.07523732709462894,-4.250015781712813,-0.08093852716867389,-12.577311754440602,0.07523732709462894,-4.250015781712813
2025-01-02,7,0.13042608723590288,-0.5197713005637294,35.52080346550642,133.0,0.021847275812800177,14,0.13147113267982122,-0.48868392739589916,16.71794177657499,114.0,0.004101807407556576,28,0.12690351028573293,-0.404795808636344,8.934159666479367,148.0,0.004874509400055584,0.08388811875955515,-7.783782110095622,0.03108737316783028,-18.80286168893143,0.08388811875955515,-7.783782110095622
2025-01-03,6,0.12437925369308334,-0.09248635786803705,33.77464038234464,135.0,0.012620935336318109,13,0.12564195963391125,-0.2116591299017238,16.564662488293763,127.0,0.0055268472682648735,27,0.12608239637898488,-0.35204611655457935,8.402327862362023,143.0,0.004236129117951461,-0.14038698665285554,-8.16233462593174,-0.11917277203368676,-17.20997789405088,-0.14038698665285554,-8.16233462593174
2025-01-06,10,0.1749179796823877,-0.43349653355367257,14.222713786180668,131.0,0.004784895332772736,17,0.16258860854954627,-0.4266260076884377,6.898038384892639,86.0,0.004536474321956987,24,0.15098503528369311,-0.4391639456341441,7.027281335130747,152.0,0.005200974018591526,-0.012537937945706401,0.1292429502381074,0.006870525865234844,-7.324675401288029,-0.012537937945706401,0.1292429502381074
2025-01-07,9,0.14695227748026768,-0.3728538963408633,20.248120857471143,126.0,0.006056869494474408,16,0.14282637688433622,-0.4672716704732838,12.105886212559751,90.0,0.003276791991768243,30,0.16116857732110773,-0.5115694477097891,1.6090977620733007,25.0,0.0016683617125591809,-0.0442977772365053,-10.49678845048645,-0.09441777413242047,-8.142234644911392,-0.0442977772365053,-10.49678845048645
2025-01-08,8,0.13458977120957147,-0.17159483235820938,27.25403056766141,128.0,0.016100911177361024,15,0.13464196767074926,-0.3634965886466489,13.37496163878226,94.0,0.0028022575710180825,29,0.1566627292776393,-0.39534231125705455,3.83165226024916,32.0,0.0022216398864982525,-0.031845722610405636,-9.543309378533099,-0.19190175628843953,-13.87906892887915,-0.031845722610405636,-9.543309378533099
2025-01-09,7,0.1324293945258793,-0.1267584260095539,32.516126388557495,135.0,0.010432303254102238,14,0.13562794195131708,-0.35758226088004935,13.701613834729123,100.0,0.0026348800411151374,28,0.15881514747680148,-0.4647873405658164,3.824073386430486,35.0,0.0022860413177746143,-0.10720507968576704,-9.877540448298637,-0.23082383487049546,-18.814512553828372,-0.10720507968576704,-9.877540448298637
2025-01-10,6,0.13585132579615322,0.005915681526185379,42.43813864867368,140.0,0.01766142252298639,13,0.13745099534266492,-0.3129224572920972,17.074766447889676,110.0,0.003885506960053974,27,0.1610128234234805,-0.41287185628800877,3.3665643264615834,43.0,0.002650878581687081,-0.09994939899591154,-13.708202121428092,-0.3188381388182826,-25.363372200784003,-0.09994939899591154,-13.708202121428092
2025-01-13,10,0.15189115105498935,-0.28705600413381566,27.100425507454908,123.0,0.006977285813053273,17,0.1497656333946764,-0.24291638030491058,14.284270191639997,162.0,0.010389171540777854,24,0.174197937828403,-0.3618281693604054,4.762297365001107,62.0,0.003989487412935633,-0.11891178905549482,-9.52197282663889,0.04413962382890507,-12.81615531581491,-0.11891178905549482,-9.52197282663889
2025-01-14,9,0.13759071784547872,-0.27428052154682736,28.42388303202397,127.0,0.007342231583772251,16,0.1393447671525661,-0.1572905326794839,16.850428267352974,157.0,0.008812975674128554,23,0.16445800061739757,-0.37168215071074995,7.266493315175016,61.0,0.0032960546024126875,-0.21439161803126605,-9.583934952177959,0.11698998886734346,-11.573454764670995,-0.21439161803126605,-9.583934952177959
2025-01-15,8,0.13382325887120058,-0.23483516332290044,28.938361399815783,127.0,0.010435775425077518,15,0.1345065119825625,-0.1505510462432677,18.344173592277937,150.0,0.010650244946109126,22,0.16012495291352263,-0.37988963864708963,8.71058569609118,62.0,0.003248800402905897,-0.22933859240382193,-9.633587896186757,0.08428411707963274,-10.594187807537846,-0.22933859240382193,-9.633587896186757
2025-01-16,7,0.14328453095837312,-0.317723643793025,27.77823200712306,136.0,0.007403288612704287,14,0.1400481746054472,-0.1997701516835068,16.274035316655457,156.0,0.007895069713014334,21,0.1619118485380652,-0.3331816743035688,9.125362819385723,73.0,0.002855190622021771,-0.133411522620062,-7.148672497269734,0.11795349210951817,-11.504196690467602,-0.133411522620062,-7.148672497269734
2025-01-17,6,0.13738476195422772,-0.20030537585599095,33.90725758428347,134.0,0.010794021434771438,13,0.1389467034391427,-0.17559093488746236,17.74730952224018,156.0,0.00793510619417067,27,0.16762923039936115,-0.3462136136489429,6.395470429537287,25.0,0.004067773612565577,-0.17062267876148052,-11.351839092702892,0.024714440968528595,-16.15994806204329,-0.17062267876148052,-11.351839092702892
2025-01-20,10,0.15005888210163817,-0.23253642337844882,21.662018355074743,155.0,0.008751666539176547,17,0.18019469979338695,-0.32324190990203816,11.400365080193454,87.0,0.0028820626217680896,24,0.1735244655220427,-0.39465059392035945,7.633614139567306,22.0,0.0023027023478596705,-0.07140868401832129,-3.7667509406261486,-0.09070548652358934,-10.261653274881288,-0.07140868401832129,-3.7667509406261486
2025-01-21,9,0.1578659371411633,-0.11946340114162102,21.151651912956446,152.0,0.010762615894133805,16,0.19081966576042955,-0.31214470908971076,10.845215042825105,97.0,0.005213689483356737,23,0.18016398450860155,-0.2882755686710792,8.226954734044371,27.0,0.0017876986201931404,0.023869140418631585,-2.6182603087807337,-0.19268130794808974,-10.306436870131341,0.023869140418631585,-2.6182603087807337
2025-01-22,8,0.13952920800596527,-0.08239291384383407,27.749716876089707,150.0,0.012126964768586953,15,0.18750093922987682,-0.24639870081535414,10.933197034677134,114.0,0.013873260958838278,36,0.1620745612468062,-0.3683676320086736,4.60998184234652,128.0,0.004040778211652471,-0.12196893119331947,-6.323215192330614,-0.16400578697152007,-16.81651984141257,-0.12196893119331947,-6.323215192330614
2025-01-23,7,0.1428390649731408,-0.1801351506974571,29.240702990127126,149.0,0.009208553523931334,14,0.1847020540269686,-0.4439456024881894,10.579005648827255,121.0,0.005457033481043302,35,0.15927182062105794,-0.3527257960356104,4.18895527437913,127.0,0.012037154557554806,0.09121980645257899,-6.390050374448125,-0.26381045179073226,-18.66169734129987,0.09121980645257899,-6.390050374448125
2025-01-24,6,0.13955266952876727,0.11053047944585692,34.02581870962843,161.0,0.016346246570189068,13,0.1877776906893304,-0.29241893003008235,9.242843470763335,124.0,0.0029053289404306257,27,0.16651985787693585,-0.5620502651613811,7.36944328371402,16.0,0.0035117054750831004,-0.2696313351312988,-1.8734001870493149,-0.40294940947593927,-24.7829752388651,-0.2696313351312988,-1.8734001870493149
2025-01-27,10,0.21674641197172145,-0.33840476558760346,9.771732831754523,135.0,0.006344481780094874,17,0.19854631529687067,-0.37136269487954965,5.33905028983697,64.0,0.006279598365752853,31,0.17901083605711313,-0.46575974283435995,1.9087685922989444,136.0,0.004561624931872519,-0.0943970479548103,-3.4302816975380255,-0.032957929291946186,-4.432682541917553,-0.0943970479548103,-3.4302816975380255
2025-01-28,9,0.2238206461133701,-0.3023489965644054,8.063216852707566,141.0,0.005277471624658649,16,0.20106500913333658,-0.37396241736773866,6.550672705933415,66.0,0.004042379585975893,30,0.17784473462009515,-0.45111328060314476,2.5924654903668856,143.0,0.004463878631954238,-0.0771508632354061,-3.9582072155665298,-0.07161342080333327,-1.5125441467741503,-0.0771508632354061,-3.9582072155665298
2025-01-29,8,0.24334830499244503,-0.57890616932765,7.148436105196291,145.0,0.009740421804506363,15,0.21179439039200976,-0.37433544072543634,4.117988943512692,66.0,0.004983191148429288,29,0.18188388053714322,-0.46284119262147416,2.2142376308592855,140.0,0.004071778037500222,-0.08850575189603782,-1.903751312653407,0.2045707286022137,-3.0304471616835986,-0.08850575189603782,-1.903751312653407
2025-01-30,7,0.23036383660362894,-0.5222337689203087,16.076661190644714,152.0,0.016033794771113573,14,0.19977474226158315,-0.4257189007282606,7.526532018140027,74.0,0.004716469285393894,28,0.1653069187541883,-0.44921718890457757,4.8753980875113765,155.0,0.00919947753003433,-0.023498288176316995,-2.6511339306286503,0.09651486819204813,-8.550129172504686,-0.023498288176316995,-2.6511339306286503
2025-01-31,6,0.19990916944467643,-0.7231945189572613,29.70113750702938,150.0,0.013107686870946003,13,0.17489926285522714,-0.5275281780761933,14.857740092630436,115.0,0.003286802558353638,27,0.15104749256696923,-0.49174210774791133,7.826298624418745,156.0,0.006032392232029087,0.035786070328282016,-7.031441468211692,0.19566634088106793,-14.843397414398943,0.035786070328282016,-7.031441468211692
2025-02-01,5,0.14559387230904725,-0.367380928382425,41.43759209691295,146.0,0.0187154138507154,12,0.1368925412748364,-0.37785599102040246,20.951294877133343,125.0,0.011783121558905393,26,0.1301029515106617,-0.38789637298911095,9.598082157773856,158.0,0.005814566650692586,-0.01004038196870849,-11.353212719359487,-0.010475062637977484,-20.48629721977961,-0.01004038196870849,-11.353212719359487
2025-02-03,10,0.13881915333282277,-0.3275597336040329,21.78861308101919,120.0,0.007272998669996374,17,0.13611409417245562,-0.3623006834100515,11.868012409937009,69.0,0.004065513356440571,31,0.13467692624523642,-0.40085012124405695,8.726449553373476,14.0,0.0011809836303961468,-0.03854943783400544,-3.1415628565635334,-0.034740949806018606,-9.92060067108218,-0.03854943783400544,-3.1415628565635334
2025-02-05,8,0.13611722335259116,-0.25858604930884,25.569493728849736,128.0,0.0068675140122068145,15,0.13107696383067016,-0.28322853236765066,14.206083872269645,77.0,0.003184792183399866,29,0.1291310094279169,-0.33151260145198624,8.362940437896121,24.0,0.002339546479768463,-0.04828406908433558,-5.843143434373523,-0.02464248305881067,-11.363409856580091,-0.04828406908433558,-5.843143434373523
2025-02-06,7,0.13800505387769324,-0.40448766284234805,29.898802367531943,128.0,0.007150889598509646,14,0.13318422782443412,-0.2940610125283413,14.332031751174306,89.0,0.00278242766793935,28,0.13212639215064959,-0.34656627601341217,7.400771782110685,26.0,0.0018586486685399604,-0.05250526348507084,-6.93125996906362,0.11042665031400672,-15.566770616357637,-0.05250526348507084,-6.93125996906362
2025-02-07,6,0.12131584575614804,-0.26402412470385994,37.831380179431875,123.0,0.004928953026051203,13,0.12295640372287454,-0.2318484573636318,19.32930387666073,118.0,0.007095922523875904,27,0.12725096267275357,-0.31486844777815626,7.73124420878622,41.0,0.004438250171714655,-0.08301999041452446,-11.598059667874512,0.03217566734022814,-18.502076302771144,-0.08301999041452446,-11.598059667874512
2025-02-10,10,0.1380609919210291,-0.20652969563084556,20.76357563703531,122.0,0.006273683825654185,17,0.1325073475011657,-0.31020393535246016,13.158435338962121,146.0,0.005655170102035845,24,0.13431263670310128,-0.3760370703064734,9.314279674555,45.0,0.002213616679416373,-0.06583313495401322,-3.844155664407122,-0.1036742397216146,-7.605140298073188,-0.06583313495401322,-3.844155664407122
2025-02-11,9,0.1434904004221025,-0.2458957141963355,21.987501209793734,126.0,0.008133081696835923,16,0.13701199883218299,-0.23704799056382636,13.441356542436603,152.0,0.007120758550672379,23,0.13834702639107369,-0.31528390777115795,9.980638387377953,69.0,0.0025564565557893125,-0.07823591720733158,-3.4607181550586503,0.00884772363250913,-8.546144667357131,-0.07823591720733158,-3.4607181550586503
2025-02-12,8,0.14018070306181402,-0.32765628641141675,26.984034413688114,127.0,0.012382558044481856,15,0.13525270027609884,-0.15301938578835117,15.869950482013742,161.0,0.010499956437974065,22,0.138338383989627,-0.3456681622006634,10.009112082434449,66.0,0.0038735727670330604,-0.1926487764123122,-5.860838399579293,0.17463690062306558,-11.114083931674372,-0.1926487764123122,-5.860838399579293
2025-02-13,7,0.13731086852061153,-0.34511914323707327,28.063424841882796,126.0,0.005608242561380195,14,0.13301077368708608,-0.2110426741235703,17.01266529773254,153.0,0.00656314336975035,28,0.13637941224201763,-0.2997595521212493,6.807817384543823,21.0,0.003152845394079667,-0.08871687799767897,-10.204847913188717,0.13407646911350296,-11.050759544150257,-0.08871687799767897,-10.204847913188717
2025-02-14,6,0.14389244518655112,0.029218450644557525,31.580913828438625,129.0,0.021775968413165352,13,0.13590581273990807,-0.1303042402733703,16.693072542497266,151.0,0.010397374611383113,27,0.1377287569540892,-0.264053023144788,8.208620541006105,35.0,0.006542064178954412,-0.13374878287141773,-8.48445200149116,-0.1595226909179278,-14.88784128594136,-0.13374878287141773,-8.48445200149116
2025-02-17,10,0.14741867157875274,-0.21348129364576168,18.32602546094136,155.0,0.009163706730566901,17,0.14755916627347748,-0.38397751921629375,10.357018454683779,98.0,0.004138926800989545,24,0.15101122744194206,-0.39919708408176213,6.31023615297796,28.0,0.004361439019326441,-0.015219564865468382,-4.046782301705819,-0.17049622557053207,-7.969007006257581,-0.015219564865468382,-4.046782301705819
2025-02-18,9,0.1451669974291091,-0.2151969944737473,20.233265661026678,151.0,0.014127000771299221,16,0.14634989041162624,-0.42862169873444406,10.547732221015874,102.0,0.002826648423083065,23,0.14621472020931106,-0.46311741477944807,7.9328337955347745,37.0,0.0022671525343469752,-0.03449571604500401,-2.6148984254810994,-0.21342470426069676,-9.685533440010804,-0.03449571604500401,-2.6148984254810994
2025-02-19,8,0.1343249272520158,-0.0674203569037205,26.931799640152025,147.0,0.01082193076006216,15,0.14064824656911545,-0.4126505701481136,11.233112474382331,104.0,0.00238027353138754,29,0.14174860024377894,-0.33009138918399755,5.563954287333496,18.0,0.0020626073760312254,0.08255918096411607,-5.669158187048835,-0.3452302132443931,-15.698687165769694,0.08255918096411607,-5.669158187048835
2025-02-20,7,0.1234056828457403,-0.009336669727205649,32.16241386320233,147.0,0.009532863737279183,14,0.13058242305046733,-0.33796494728865395,14.421943298872488,108.0,0.0029075010472430834,28,0.13519779163853932,-0.3905427387639324,6.150869421215092,18.0,0.0006615721300270496,-0.05257779147527847,-8.271073877657397,-0.3286282775614483,-17.740470564329843,-0.05257779147527847,-8.271073877657397
2025-02-21,6,0.11984752517627664,0.16247777106793604,40.64429384796729,147.0,0.013935710267776716,13,0.12852724666470358,-0.29647383326547616,15.772515682989068,119.0,0.003238895417022586,27,0.13401641915467558,-0.3701831426773995,6.187747067589052,34.0,0.0018363357198212845,-0.07370930941192333,-9.584768615400016,-0.4589516043334122,-24.871778164978224,-0.07370930941192333,-9.584768615400016
2025-02-24,10,0.12815039003261708,-0.14767285512692468,25.442638577467104,128.0,0.006461346385276286,17,0.1313096227032085,-0.37050981904430025,12.001188508823251,98.0,0.0036392080717580605,31,0.12757649743635333,-0.33996997736257106,8.679640823364688,135.0,0.004592623997268416,0.030539841681729185,-3.3215476854585635,-0.22283696391737556,-13.441450068643853,0.030539841681729185,-3.3215476854585635
2025-02-25,9,0.11472425537162703,-0.18431046230424486,31.599706143425344,125.0,0.008906753240840736,16,0.11934940545218696,-0.3936589185167546,15.501120643748338,100.0,0.004636896385745034,30,0.12228897009415979,-0.3333424965775814,9.111291473611578,140.0,0.005898077046598538,0.06031642193917319,-6.38982917013676,-0.20934845621250975,-16.098585499677007,0.06031642193917319,-6.38982917013676
2025-02-27,7,0.11393145059507995,-0.10843596893868246,36.9035718487104,127.0,0.00902377764564561,14,0.11369452596857438,-0.32759847427481414,19.21412641028913,116.0,0.005646844974143517,28,0.12012509534561011,-0.32422810055220536,9.687708247015308,137.0,0.005234815006914823,0.003370373722608788,-9.52641816327382,-0.21916250533613169,-17.68944543842127,0.003370373722608788,-9.52641816327382
2025-02-28,6,0.12602683721881494,0.026819091804273998,43.34410041434817,136.0,0.009361314284942204,13,0.12557393751376636,-0.19594079917176022,21.140210386848835,125.0,0.005897682600633506,27,0.1265930361414992,-0.2807847211580956,10.661378863982923,142.0,0.00642910478160063,-0.08484392198633539,-10.478831522865912,-0.2227598909760342,-22.203890027499334,-0.08484392198633539,-10.478831522865912
2025-03-03,10,0.12994098395502757,-0.14552087625244364,23.605878024951117,135.0,0.009399926782794978,17,0.12832028233426265,-0.303785596510543,14.301751962293654,96.0,0.0030116025792152334,31,0.12812554479092328,-0.37524186674133414,8.120109539696081,38.0,0.002027198001398058,-0.07145627023079115,-6.181642422597573,-0.15826472025809935,-9.304126062657463,-0.07145627023079115,-6.181642422597573
2025-03-04,9,0.12982436475854692,-0.14163553033180515,25.90493587886861,133.0,0.008718530605438202,16,0.12794943672224432,-0.37444925314669153,14.936536194643931,86.0,0.003954485490588308,30,0.12761890351429744,-0.31422914019986514,8.723954947298472,59.0,0.0020813694930045335,0.06022011294682639,-6.21258124734546,-0.23281372281488638,-10.968399684224678,0.06022011294682639,-6.21258124734546
2025-03-05,8,0.13105750374783376,-0.22911579017526118,26.791302116094627,136.0,0.008423128795429866,15,0.12476181666493208,-0.3841989626895419,17.131254906979017,99.0,0.002700222213366065,29,0.12463255618408432,-0.36731663218684446,10.50703482511059,73.0,0.005327459132247158,0.01688233050269744,-6.624220081868426,-0.15508317251428072,-9.66004720911561,0.01688233050269744,-6.624220081868426
2025-03-06,7,0.12786497218689596,-0.23921246959151699,29.25131950388537,140.0,0.011404063103677576,14,0.12328030392710423,-0.4619151311363213,17.86304669610477,110.0,0.002694634353560727,28,0.12272496129592145,-0.4204197250140767,11.562039508255559,66.0,0.0038714387544175554,0.041495406122244616,-6.301007187849212,-0.22270266154480434,-11.388272807780599,0.041495406122244616,-6.301007187849212
2025-03-07,6,0.12802732184279872,-0.21922164269680167,32.70078191403341,137.0,0.01553456274995855,13,0.11755209533609003,-0.41483011479280796,19.8926845721372,119.0,0.002990521901007058,27,0.12136110875469448,-0.3958258626707879,12.449953072440298,79.0,0.002513285598645168,0.01900425212202006,-7.442731499696901,-0.1956084720960063,-12.808097341896215,0.01900425212202006,-7.442731499696901
2025-03-10,10,0.12860897852066228,-0.4245632476618051,23.20336911556552,124.0,0.00825852073012883,17,0.1297729730995285,-0.3393591859831103,14.017406015617253,147.0,0.008264698224494646,24,0.1288024686702089,-0.38410240982294136,11.65190755398263,93.0,0.0035152074923393813,-0.04474322383983104,-2.3654984616346226,0.08520406167869476,-9.185963099948266,-0.04474322383983104,-2.3654984616346226
2025-03-11,9,0.1286071991143178,-0.39333153793409437,25.369424947751387,126.0,0.012482407038834405,16,0.12931017129736944,-0.3261274587859978,14.878415729034838,149.0,0.006874281637167953,23,0.1302096623279741,-0.42427791929397657,10.940585810145112,85.0,0.004597334595905682,-0.09815046050797877,-3.937829918889726,0.06720407914809656,-10.491009218716549,-0.09815046050797877,-3.937829918889726
2025-03-12,8,0.11820258753821278,-0.35909968265243486,31.148279682489964,124.0,0.009657880632432912,15,0.12521363950521802,-0.23269136307616545,16.228986787263977,146.0,0.010510456203019197,28,0.12857729398387893,-0.4945187307471901,8.138526723555682,16.0,0.0010435420107742226,-0.26182736767102466,-8.090460063708296,0.1264083195762694,-14.919292895225986,-0.26182736767102466,-8.090460063708296
2025-03-13,7,0.11028570968640464,-0.2374589579625057,34.58280436172014,125.0,0.008413819843947973,14,0.11691957603651709,-0.21163819225196867,17.72440780514797,147.0,0.006755040608451211,21,0.11683535059385233,-0.41317879880261943,13.776147190374273,86.0,0.0028995804460806985,-0.20154060655065076,-3.9482606147736963,0.02582076571053704,-16.858396556572174,-0.20154060655065076,-3.9482606147736963
2025-03-17,10,0.12525289317087016,-0.2183657526954914,21.09930746752886,149.0,0.011434078029252585,17,0.11907101715974597,-0.4137563400012719,15.695334866017584,106.0,0.0030820804692681613,23,0.12656414863424198,-0.4367386275897128,8.934459393004076,41.0,0.0029932838776924155,-0.022982287588440897,-6.760875473013508,-0.19539058730578052,-5.403972601511276,-0.022982287588440897,-6.760875473013508
2025-03-18,9,0.12631484965944403,-0.3403330417276411,24.03152406724363,165.0,0.014505417045155032,16,0.11582717040654172,-0.4345447195839033,19.503491307727714,112.0,0.007569697457000431,37,0.12150179664928332,-0.3345062568392677,7.154841309711273,138.0,0.005546360821847248,0.10003846274463557,-12.348649998016441,-0.09421167785626217,-4.528032759515916,0.10003846274463557,-12.348649998016441
2025-03-19,8,0.12899032034950125,-0.35206847795879725,25.83433690226269,163.0,0.011853248754688666,15,0.11843743653573968,-0.4493494285941514,19.06474449192326,112.0,0.002816815133932492,29,0.12171183589851853,-0.4751432548948623,8.303099218231988,23.0,0.002186126376001054,-0.02579382630071092,-10.761645273691272,-0.09728095063535414,-6.769592410339431,-0.02579382630071092,-10.761645273691272
2025-03-20,7,0.11887689455004039,-0.39687022366599667,31.557228621594113,163.0,0.01350428304691425,14,0.1066923544428296,-0.4478761292901595,24.867866184820844,117.0,0.006152530559536367,28,0.11594130632238181,-0.44997116085184496,8.850758125488907,40.0,0.0024605100906281013,-0.0020950315616854454,-16.01710805933194,-0.05100590562416285,-6.689362436773269,-0.0020950315616854454,-16.01710805933194
2025-03-21,6,0.12056949054324129,-0.48904233282031595,36.54018103170152,172.0,0.01533269373151499,13,0.10707155821626207,-0.3912169471792972,26.6905032231968,134.0,0.0020691114941872165,27,0.1140923065155016,-0.41920569845345146,10.511378214392252,53.0,0.002817817213073235,-0.027988751274154233,-16.179125008804547,0.09782538564101873,-9.849677808504723,-0.027988751274154233,-16.179125008804547
2025-03-24,10,0.12876277532576946,-0.3325574002568987,30.550503229330992,145.0,0.005240470499598666,16,0.13121532349089415,-0.3884062923864277,18.18540727762156,111.0,0.003650598081891713,31,0.12138128428916117,-0.3843558154525204,9.818285247296474,158.0,0.006033847463155369,0.00405047693390731,-8.367122030325087,-0.05584889212952898,-12.365095951709431,0.00405047693390731,-8.367122030325087
2025-03-25,9,0.13018414048067015,-0.389962888455583,34.644858521308066,145.0,0.009061289536393787,15,0.1327644000931459,-0.34085594985567713,21.550950505240728,114.0,0.003933349198173843,30,0.12138186717313455,-0.3995037163443021,10.408379906961082,152.0,0.005291426178120732,-0.058647766488624964,-11.142570598279645,0.04910693859990589,-13.093908016067338,-0.058647766488624964,-11.142570598279645
2025-03-26,8,0.1272346364186283,-0.28149878850739674,35.04194902393533,146.0,0.010123751185409355,14,0.13056337541726837,-0.36047477523437843,22.127196077159848,118.0,0.004230115670877813,29,0.120439499190681,-0.41062141936370783,11.688314242869064,151.0,0.008935091251036238,-0.0501466441293294,-10.438881834290784,-0.0789759867269817,-12.914752946775483,-0.0501466441293294,-10.438881834290784
2025-03-27,7,0.12674256283820973,-0.3563230402131563,39.4942981118816,149.0,0.008888629097964548,13,0.13036231372236784,-0.28869442912302434,23.86708008460447,117.0,0.003497228958956704,28,0.1193890492911002,-0.34993507978704513,11.507350869331411,153.0,0.00514264252609671,-0.06124065066402079,-12.35972921527306,0.06762861109013196,-15.627218027277127,-0.06124065066402079,-12.35972921527306
2025-04-01,8,0.13887946210091823,-0.28441116420278134,30.242564597484474,135.0,0.005670321613437917,16,0.12648311609271096,-0.3294513811341099,19.91485546937663,110.0,0.0031989307141385434,29,0.1258659514031168,-0.38282506641496417,10.256761585108336,82.0,0.0026586211270429043,-0.05337368528085429,-9.658093884268293,-0.045040216931328536,-10.327709128107845,-0.05337368528085429,-9.658093884268293
2025-04-02,7,0.1405421810457818,-0.4138151114851414,34.101283658307516,139.0,0.008726160377555369,15,0.12533226085009924,-0.36509044928622825,21.423094443195343,97.0,0.0029252678571636643,28,0.12357321813294839,-0.40504941762228847,11.794026466225207,85.0,0.00439183739990874,-0.03995896833606022,-9.629067976970136,0.04872466219891314,-12.678189215112173,-0.03995896833606022,-9.629067976970136
2025-04-03,6,0.12995006937450126,-0.39218817901960246,36.1208445426509,136.0,0.005604668556900825,14,0.12203799571058879,-0.340618178347155,19.043307894872413,115.0,0.003544385886910332,27,0.12380044557478151,-0.4412619516498433,10.77484336845616,88.0,0.0038110206313556275,-0.10064377330268826,-8.268464526416253,0.051570000672447436,-17.077536647778487,-0.10064377330268826,-8.268464526416253
2025-04-04,5,0.12730578827975747,-0.1457180040605237,42.632405926376244,138.0,0.01688935836818371,13,0.12056985716867952,-0.31385173471500705,21.517334318143483,132.0,0.009017487832238817,26,0.12610882647345473,-0.3341495090538847,10.432293532793697,105.0,0.0024006703538710715,-0.02029777433887764,-11.085040785349786,-0.16813373065448334,-21.11507160823276,-0.02029777433887764,-11.085040785349786
2025-04-09,8,0.22629117102518057,-1.0797464932615926,22.295041908643324,154.0,0.005645685840940707,15,0.22226016275145818,-0.8709100949239297,11.029336755815416,157.0,0.004940905254399924,29,0.20506466253642155,-0.6442063175875203,7.9346689102633405,38.0,0.004588534855942568,0.22670377733640934,-3.0946678455520757,0.20883639833766288,-11.265705152827907,0.22670377733640934,-3.0946678455520757
2025-04-11,6,0.2155628096882975,-0.7295078363035189,31.95290307464228,155.0,0.01039873573400355,13,0.19997019499969218,-0.7100168153163549,17.621596989577437,166.0,0.008515347758223542,27,0.18386051107538176,-0.6186353058106726,11.192035717102339,46.0,0.005810031672494232,0.09138150950568225,-6.429561272475098,0.019491020987164043,-14.331306085064842,0.09138150950568225,-6.429561272475098
2025-04-15,9,0.15411693845515964,-0.5954316109713591,28.931166329949374,163.0,0.007461242452076897,15,0.1496806823702031,-0.589908166148828,21.87963686468305,125.0,0.005426216962668503,23,0.14771776003852444,-0.5365651811565046,16.44834058810664,60.0,0.002887855292176885,0.05334298499232337,-5.431296276576411,0.005523444822531087,-7.051529465266324,0.05334298499232337,-5.431296276576411
2025-04-16,8,0.15185646894091792,-0.5393479807324719,29.363081071768928,165.0,0.009429400815878506,14,0.14818158014189836,-0.5318628320611168,19.72792881581495,131.0,0.004382933648006389,29,0.1479014829184014,-0.4449882888616025,8.157284269672703,33.0,0.002540573773413307,0.08687454319951432,-11.570644546142246,0.00748514867135508,-9.63515225595398,0.08687454319951432,-11.570644546142246
2025-04-17,7,0.1501628194740642,-0.6768376050574392,37.84530313117253,166.0,0.007814782753867443,13,0.14119153266457762,-0.45769639748805346,28.78556778015678,141.0,0.004139947328443542,28,0.1384667759062191,-0.4870512728876138,11.127587810593301,49.0,0.006998332161314682,-0.029354875399560332,-17.657979969563478,0.2191412075693857,-9.05973535101575,-0.029354875399560332,-17.657979969563478
2025-04-21,9,0.15039377626413564,-0.6183157369916643,38.96546599953167,150.0,0.007604886179259694,17,0.14095632918471868,-0.47865070026669,26.751970661157973,115.0,0.004272327892897291,24,0.1417533988443494,-0.46846448792275047,15.15330423511563,66.0,0.00373235462894216,0.010186212343939516,-11.598666426042342,0.13966503672497432,-12.2134953383737,0.010186212343939516,-11.598666426042342
2025-04-22,8,0.14932836710176156,-0.5815555415807496,36.286388737245595,155.0,0.009756913297109392,16,0.1412655001840119,-0.5012714688880032,24.720081269899836,119.0,0.00427217889948695,23,0.14246774412431804,-0.47746124248899857,15.651355622112941,65.0,0.002304437387943796,0.023810226399004653,-9.068725647786895,0.0802840726927464,-11.566307467345759,0.023810226399004653,-9.068725647786895
2025-04-23,7,0.15510274053381656,-0.6293733108290882,39.90431070943501,158.0,0.008418772569640118,15,0.14867308362663068,-0.47520329861834143,24.894053432987747,115.0,0.003726057372325501,36,0.14798753184266594,-0.5114332326729504,4.102405331938408,156.0,0.004436522512591865,-0.03622993405460895,-20.79164810104934,0.15417001221074678,-15.010257276447263,-0.03622993405460895,-20.79164810104934
2025-04-24,6,0.15759851590359003,-0.6516952697662242,36.47951217480944,158.0,0.005845394447497238,14,0.15505172310913648,-0.5241407330267038,19.21790502146781,133.0,0.00489760302916121,28,0.15350429697060822,-0.601557377852171,11.976829245354875,28.0,0.0017145101262822223,-0.07741664482546717,-7.241075776112936,0.12755453673952033,-17.261607153341632,-0.07741664482546717,-7.241075776112936
2025-04-25,5,0.16889842209097014,-0.995922509564074,44.5222537828967,161.0,0.013236540364104947,13,0.16257400338678316,-0.6786887714877926,19.571712205907172,145.0,0.008899956741148301,27,0.16104419005388662,-0.5799822826401269,11.289319484784123,36.0,0.005140550472965182,0.09870648884766575,-8.282392721123049,0.3172337380762814,-24.950541576989526,0.09870648884766575,-8.282392721123049
2025-04-28,10,0.15811720831759465,-0.8605463891323514,23.93372590930982,154.0,0.007123561961881889,17,0.1580175952297824,-0.6893874388668959,15.443758822776292,109.0,0.00486642790161334,31,0.1530127393461696,-0.550964922149619,5.020610802375192,156.0,0.010129912651111787,0.1384225167172769,-10.4231480204011,0.17115895026545547,-8.489967086533529,0.1384225167172769,-10.4231480204011
2025-04-29,9,0.1538140906514131,-0.8309685321993341,27.09603001290846,163.0,0.0073639062744521155,16,0.1603762187553711,-0.734185531943477,14.838091318833591,113.0,0.0034587074897597008,30,0.1552739633710579,-0.5953427568805107,7.065559104408027,159.0,0.004339230526205829,0.13884277506296627,-7.772532214425564,0.09678300025585707,-12.25793869407487,0.13884277506296627,-7.772532214425564
2025-04-30,8,0.16430643307293155,-1.0359867829064027,29.600609083722276,165.0,0.019973807222130015,15,0.1678265624661373,-0.904525940721768,13.412630162720646,128.0,0.005177068337084426,29,0.1601642046357495,-0.686414295397004,8.166976225284756,155.0,0.005379684547662451,0.2181116453247639,-5.24565393743589,0.13146084218463472,-16.18797892100163,0.2181116453247639,-5.24565393743589
2025-05-02,6,0.14336274131749585,-0.8939193843736617,50.245758093452466,164.0,0.023672302438353783,13,0.15623438494416522,-1.1449560755687678,27.054420923695165,165.0,0.03222612450806606,27,0.16023414815109738,-0.6331987588298039,7.289629140809529,167.0,0.005930555439355142,0.5117573167389639,-19.764791782885638,-0.2510366911951061,-23.1913371697573,0.5117573167389639,-19.764791782885638
2025-05-05,10,0.1508549521882788,-0.8827154860979504,25.419093142970578,145.0,0.005679444993130218,17,0.15486176584119815,-0.9058672616211553,17.550630182937905,73.0,0.0018648191598687578,31,0.15617664050519617,-0.7496689120618065,9.819332681755167,18.0,0.0019188973759748722,0.15619834955934875,-7.731297501182738,-0.02315177552320491,-7.868462960032673,0.15619834955934875,-7.731297501182738
2025-05-06,9,0.14702882195152872,-1.0105575162515823,34.857410099525865,150.0,0.0065185246283478845,16,0.15385064952128238,-1.0117286808968755,21.880232613986657,76.0,0.002434109992516719,30,0.16016399629633543,-0.8320891156444887,10.993969995810259,25.0,0.0018352039927103138,0.17963956525238678,-10.886262618176398,-0.00117116464529321,-12.977177485539208,0.17963956525238678,-10.886262618176398
2025-05-07,8,0.161598323479478,-1.0780466780609712,31.61053592038953,166.0,0.009493410448451197,15,0.15856091804918226,-0.9869421948957133,20.530226138766324,84.0,0.0034725698706487636,29,0.15859590514379085,-0.8529697693355967,12.897940014779369,26.0,0.0015985262547487675,0.13397242556011668,-7.632286123986955,0.09110448316525788,-11.080309781623207,0.13397242556011668,-7.632286123986955
2025-05-08,7,0.19994892261553437,-1.7744599120475828,39.42506776367264,167.0,0.014845417751794014,14,0.18729504219078114,-1.3812468232804416,17.994219380992067,98.0,0.015937071853137256,28,0.17430370559266253,-0.8614164212680981,13.332252900283533,31.0,0.009050193406351286,0.5198304020123434,-4.661966480708534,0.39321308876714123,-21.43084838268057,0.5198304020123434,-4.661966480708534
2025-05-09,6,0.19839473418293635,-1.5320453823338591,39.9587268661205,172.0,0.0138238990038535,13,0.18881018224723597,-1.301570710373988,22.0521631577475,122.0,0.006412398056089747,27,0.18111158131128297,-0.9952432672085424,10.392736112834115,45.0,0.002351646906387699,0.3063274431654456,-11.659427044913386,0.23047467195987115,-17.906563708373,0.3063274431654456,-11.659427044913386
2025-05-12,10,0.17181039280941546,-0.7212616858678145,23.587572474132433,133.0,0.008323729328088572,17,0.156275433056622,-0.6975595006801381,16.676802548752462,164.0,0.006916986286719083,24,0.14263343488229427,-0.6990874188405245,22.187498048183535,66.0,0.006362106471447255,-0.0015279181603864433,5.510695499431073,0.023702185187676417,-6.91076992537997,-0.0015279181603864433,5.510695499431073
2025-05-13,9,0.16961434230506942,-0.4448071532678658,19.1251819292665,143.0,0.006887683518858403,16,0.15732261018669635,-0.47270161539560185,16.262925338263056,174.0,0.010278435045290866,23,0.1578872958447508,-0.539404784453507,12.218713486752785,83.0,0.005657065006348964,-0.06670316905790519,-4.044211851510271,-0.027894462127736053,-2.862256591003444,-0.06670316905790519,-4.044211851510271
2025-05-14,8,0.14685048585294086,-0.498849501883567,28.670991691479866,141.0,0.011060302423163356,15,0.14821353109248928,-0.5217865171899914,16.011098781297658,163.0,0.005589816374528056,29,0.1514335347354519,-0.4292801244467649,9.3822494871413,23.0,0.0027654697185116018,0.09250639274322647,-6.628849294156359,-0.022937015306424335,-12.659892910182208,0.09250639274322647,-6.628849294156359
2025-05-15,7,0.1479256098826492,-0.6204033725046745,36.22106508643505,154.0,0.02306063158717678,14,0.14363876430245795,-0.5975654393461023,19.227245915210595,163.0,0.005098742579851958,28,0.12709544139676468,-0.8341370121504947,19.671780482457145,30.0,0.012597836566742007,-0.23657157280439245,0.4445345672465493,0.022837933158572188,-16.99381917122445,-0.23657157280439245,0.4445345672465493
2025-05-16,6,0.1445469765018102,-0.5840254039811614,41.29590121205005,144.0,0.00750738719391437,13,0.14422076673708134,-0.47541749866830973,19.519454812858942,174.0,0.006673072291640619,27,0.14365696820367602,-0.4303923369638729,11.719844747607777,40.0,0.002516152962895034,0.04502516170443682,-7.799610065251166,0.1086079053128517,-21.776446399191105,0.04502516170443682,-7.799610065251166
2025-05-19,10,0.15761112889881862,-0.4400304551918962,20.924726216465434,164.0,0.00459335118183151,17,0.15561303618827643,-0.4394916767334978,13.469018832868471,103.0,0.001477491900694322,24,0.15296425185083465,-0.45518880530135475,10.509552680128724,46.0,0.004038815897589674,-0.015697128567856933,-2.959466152739747,0.0005387784583983923,-7.4557073835969625,-0.015697128567856933,-2.959466152739747
2025-05-20,9,0.1538616827594934,-0.4136935933875512,26.280739834456156,172.0,0.015439230569614769,16,0.15389998996637974,-0.33109418141002517,14.957754282619318,109.0,0.002100644706054292,23,0.15526070331496464,-0.3576143985726459,10.0753570851036,55.0,0.0063522765252647185,-0.026520217162620707,-4.8823971975157185,0.08259941197752602,-11.322985551836839,-0.026520217162620707,-4.8823971975157185
2025-05-21,8,0.15532508547344917,-0.4943468920756997,25.36086848226485,174.0,0.0091807833878316,15,0.15741563101244582,-0.4269868885158302,12.073518700885458,111.0,0.0025587206769724833,29,0.15538684683427045,-0.38555730008832334,6.262760812949367,23.0,0.0026166806714644146,0.04142958842750688,-5.8107578879360915,0.06736000355986949,-13.28734978137939,0.04142958842750688,-5.8107578879360915
2025-05-22,7,0.14951814543852698,-0.39742434267110016,31.14611846761658,178.0,0.012135135209380367,14,0.15059515184815328,-0.3234604005239647,15.630923368185298,123.0,0.004532755518780781,28,0.15459757110638817,-0.39293524553987225,7.39669989261756,26.0,0.003776602136396515,-0.06947484501590756,-8.234223475567738,0.07396394214713548,-15.515195099431283,-0.06947484501590756,-8.234223475567738
2025-05-23,6,0.15665006295746256,-0.5596169621766462,31.755285736996907,173.0,0.016124435930580286,13,0.15316370759388404,-0.5266304882589277,15.165572876817995,134.0,0.005339939324309634,27,0.15281691441960846,-0.4862327905999383,6.820174549151182,37.0,0.0024131976824447823,0.04039769765898937,-8.345398327666814,0.032986473917718584,-16.589712860178913,0.04039769765898937,-8.345398327666814
2025-05-26,10,0.17920361127386875,-0.5720008518544942,9.746091735620205,137.0,0.0028867108984818625,17,0.17029729883021766,-0.506611655939954,6.561456171807514,99.0,0.002685063030607375,31,0.15687586356001376,-0.41529483316213367,5.933506442201008,149.0,0.00456979052273722,0.09131682277782038,-0.627949729606506,0.06538919591454018,-3.184635563812691,0.09131682277782038,-0.627949729606506
2025-05-27,9,0.19193540933382466,-0.26946751733465296,7.863224521941103,136.0,0.004978002656204887,16,0.18280681698732326,-0.35370144148621885,4.060849216052282,110.0,0.0047598668679651405,30,0.1634347639701193,-0.33486734758904213,5.692649167619161,155.0,0.004705549308352812,0.018834093897176718,1.6317999515668786,-0.08423392415156589,-3.8023753058888214,0.018834093897176718,1.6317999515668786
2025-05-28,8,0.17677196862860134,0.048992680285170925,15.236814530200508,138.0,0.01122936469524344,15,0.17505613998725533,-0.2200059412090262,5.907840876462082,117.0,0.004292735781972777,29,0.16125948053115707,-0.25702066625807785,4.991838844071605,172.0,0.005572502819097652,-0.03701472504905165,-0.9160020323904767,-0.2689986214941971,-9.328973653738426,-0.03701472504905165,-0.9160020323904767
2025-05-29,7,0.14788887872919554,-0.13413556294227813,27.633427365227327,138.0,0.010247028131989981,14,0.1503449551932522,-0.0843592913595465,10.8893818160686,117.0,0.0036801305207194534,28,0.1443693840300192,-0.20799042208027196,7.040804617667167,162.0,0.004693070730441705,-0.12363113072072546,-3.8485771984014328,0.049776271582731624,-16.744045549158727,-0.12363113072072546,-3.8485771984014328
2025-06-02,10,0.18647222105598182,-0.23047113393151042,8.553904557693002,136.0,0.005658460029533064,17,0.17412033514239478,-0.3228056754206077,3.947182618199333,80.0,0.0025241649947597765,31,0.15950815475175512,-0.352133729648407,3.718788114896972,25.0,0.003574790721846491,-0.029328054227799327,-0.22839450330236089,-0.09233454148909725,-4.606721939493669,-0.029328054227799327,-0.22839450330236089
2025-06-03,9,0.1692185340250426,-0.11142066116126981,15.658249497345508,135.0,0.005917963124062262,16,0.1648851583252474,-0.1964959033669582,7.783317703149587,94.0,0.004317272076829893,30,0.1573197624858178,-0.15262969461200485,3.9658264512940895,32.0,0.004915338548378348,0.04386620875495337,-3.8174912518554973,-0.0850752422056884,-7.874931794195922,0.04386620875495337,-3.8174912518554973
2025-06-04,8,0.1454609993528782,-0.21433960907621197,22.85529698591176,136.0,0.0046489378884341384,15,0.14976584825558803,-0.23096931138862242,9.211291563187208,100.0,0.0019903610613655346,29,0.14935699024110977,-0.23990214263703363,5.127057838880418,30.0,0.0013168008214339995,-0.00893283124841121,-4.08423372430679,-0.016629702312410455,-13.644005422724552,-0.00893283124841121,-4.08423372430679
2025-06-05,7,0.13392718346640098,-0.3581227165104076,31.824601321199033,139.0,0.013487212739749024,14,0.1391704934677944,-0.3289511735503927,12.540023741569058,106.0,0.003147933723202665,28,0.14537565273304265,-0.21440073462134793,5.57857495229716,48.0,0.002636472747617157,0.11455043892904479,-6.961448789271898,0.029171542960014896,-19.284577579629975,0.11455043892904479,-6.961448789271898
2025-06-06,6,0.1270690677183685,-0.5013533753668085,41.13191806817757,138.0,0.005921007984215117,13,0.1339419019365133,-0.3893072854055204,13.89706711600459,121.0,0.0036736874053839752,27,0.14195896189053114,-0.33610971901924724,4.889121741306839,59.0,0.002273552087972742,0.053197566386273154,-9.007945374697751,0.11204608996128806,-27.234850952172977,0.053197566386273154,-9.007945374697751
2025-06-09,10,0.1374262111248205,-0.3692883557525545,18.181417739233446,117.0,0.0039791021545782295,17,0.1378966349512549,-0.3342233473696039,13.412624887272328,158.0,0.0042370533132368654,31,0.14179326451110033,-0.26716589281699327,4.281376462960635,19.0,0.0015575778452068558,0.06705745455261064,-9.131248424311693,0.03506500838295057,-4.768792851961118,0.06705745455261064,-9.131248424311693
2025-06-10,9,0.11974539377799556,-0.5123432934857097,32.02457647398831,124.0,0.012749055363144792,16,0.1287510028990223,-0.34119622985394893,15.546177435059757,156.0,0.0028372421590230163,30,0.13489975434139484,-0.24201762078811487,3.442988562628111,25.0,0.002513815078441166,0.09917860906583406,-12.103188872431646,0.1711470636317608,-16.478399038928554,0.09917860906583406,-12.103188872431646
2025-06-11,8,0.11679524792490757,-0.4030400109862381,34.830390483653595,124.0,0.011852471211534675,15,0.12431680068930098,-0.36608134996028896,17.18892326028992,161.0,0.007773466389644911,29,0.13403188738108815,-0.2881959699033643,3.573677067064122,30.0,0.0015709268389583796,0.07788538005692464,-13.615246193225797,0.036958661025949135,-17.641467223363676,0.07788538005692464,-13.615246193225797
2025-06-12,7,0.12662558641265112,-0.2093488743241554,39.19162272570412,130.0,0.02377626466185775,14,0.1313353179213958,-0.317748045671832,17.290538906793877,168.0,0.005178869060650644,28,0.1365634876492679,-0.20708961497271916,4.76098060799406,39.0,0.002169573495491335,0.11065843069911285,-12.529558298799817,-0.10839917134767663,-21.901083818910244,0.11065843069911285,-12.529558298799817
2025-06-13,6,0.1484481008391771,-0.6042890894166938,41.40817084221171,130.0,0.015817159766166655,13,0.14630876561199563,-0.5295571867667872,19.15790348046467,173.0,0.006483663758867773,27,0.1460024173216467,-0.4478351928783594,7.151748598671162,53.0,0.002775636339047264,0.08172199388842782,-12.00615488179351,0.07473190264990659,-22.25026736174704,0.08172199388842782,-12.00615488179351
2025-06-16,10,0.1439956002207064,-0.6731037459333649,23.4390042573525,166.0,0.004000806868901108,17,0.1407708153139211,-0.5714714706158674,14.308155039090057,104.0,0.0024515486759467014,31,0.14066443313413676,-0.48700229477109336,5.658517862550023,24.0,0.00339863309560525,0.08446917584477409,-8.649637176540033,0.10163227531749741,-9.130849218262444,0.08446917584477409,-8.649637176540033
2025-06-17,9,0.13934068144707162,-0.6130026396018402,25.3753351446823,167.0,0.006879727904153405,16,0.13725634526214978,-0.5963008198975146,15.99639950741507,99.0,0.002611324102145727,30,0.13949414306684396,-0.3978605257665045,3.7335674857187056,31.0,0.0014215369699402134,0.1984402941310101,-12.262832021696365,0.016701819704325604,-9.37893563726723,0.1984402941310101,-12.262832021696365
2025-06-18,8,0.14445426499619785,-0.5881743990760424,26.74013412549435,168.0,0.008782296429530512,15,0.13808192428868435,-0.5850198415630052,16.525109760828226,105.0,0.002084556650589684,29,0.13795629362571463,-0.4432302691288334,5.34177043946019,40.0,0.002256454720257646,0.14178957243417184,-11.183339321368035,0.0031545575130371706,-10.215024364666125,0.14178957243417184,-11.183339321368035
2025-06-19,7,0.1500707450289539,-0.6912064695475515,29.791821839741196,176.0,0.014768934372623952,14,0.13726862767610534,-0.6676111056361974,19.140180246243794,108.0,0.0023119038475782963,28,0.13634155339956136,-0.4263875955305473,5.512677040610574,35.0,0.0025185283718385043,0.24122351010565013,-13.627503205633221,0.023595363911354084,-10.651641593497402,0.24122351010565013,-13.627503205633221
2025-06-20,6,0.13785677638055707,-0.7953544855308574,36.968016077022725,172.0,0.013821142770951443,13,0.12810856135039717,-0.7764111383397061,21.685249401143736,124.0,0.0022013627441896024,27,0.129692133005082,-0.5230743439475715,5.677237963989207,57.0,0.0021793270389558585,0.25333679439213463,-16.00801143715453,0.018943347191151316,-15.282766675878989,0.25333679439213463,-16.00801143715453
2025-06-23,10,0.13691803992568918,-0.8102396165127616,26.23819485253042,121.0,0.005227221529270596,17,0.13644463105092597,-0.6972403419932889,14.597746469069246,97.0,0.003660404349860379,31,0.1318895628100154,-0.5265993014289208,7.3153773817759475,48.0,0.0023420021912993615,0.17064104056436813,-7.282369087293299,0.11299927451947267,-11.640448383461173,0.17064104056436813,-7.282369087293299
2025-06-24,9,0.1347440100222551,-0.5902131668942031,27.129818284516386,122.0,0.01636492490068007,16,0.13108293459685005,-0.4614120300548433,14.215633322691207,106.0,0.002822435473387915,30,0.12924917126526345,-0.3016990095336248,5.105653646478127,56.0,0.004012830579680924,0.15971302052121855,-9.10997967621308,0.1288011368393598,-12.914184961825178,0.15971302052121855,-9.10997967621308
2025-06-25,8,0.12029549538719247,-0.5890662655997371,35.55773447723083,125.0,0.005913704938845347,15,0.12357666409245396,-0.4324609926159404,15.770151533302494,105.0,0.003260257830413906,29,0.12345184272482365,-0.3619433166484624,5.099537613701026,55.0,0.0019113273351290885,0.07051767596747799,-10.670613919601468,0.15660527298379667,-19.787582943928335,0.07051767596747799,-10.670613919601468
2025-06-26,7,0.11895753519507979,-0.6931493092048617,39.5847166970925,125.0,0.003966158746416621,14,0.12149496922595718,-0.5073904705716314,15.96135353456449,113.0,0.0033599188068490974,28,0.11911604638021958,-0.3657091278576058,8.97875809938142,58.0,0.0017761106718212542,0.14168134271402566,-6.98259543518307,0.18575883863323028,-23.623363162528015,0.14168134271402566,-6.98259543518307
2025-06-27,6,0.10752321794750998,-0.6681217273653282,53.34704361789831,138.0,0.011382727004739317,13,0.11193929937374861,-0.45502089135705603,21.729481211188684,124.0,0.00407526679612239,27,0.11506383679282692,-0.3592108756416423,8.389493262272794,64.0,0.002172263151763695,0.09581001571541375,-13.33998794891589,0.21310083600827212,-31.617562406709624,0.09581001571541375,-13.33998794891589
2025-06-30,10,0.12536408465678242,-0.2852143318491991,23.554101929159046,131.0,0.003433474794411704,17,0.12298303641966782,-0.22228859983728788,14.04110448620736,98.0,0.0025649567213876525,31,0.11823582278434577,-0.23132922174325077,6.553339952769422,147.0,0.004631548364522643,-0.009040621905962887,-7.487764533437938,0.0629257320119112,-9.512997442951686,-0.009040621905962887,-7.487764533437938
